[{"model": "admin.logentry", "pk": 1, "fields": {"action_time": "2024-09-11T11:57:06.682Z", "user": 1, "content_type": 26, "object_id": "1", "object_repr": "Poultry", "action_flag": 1, "change_message": "[{\"added\": {}}]"}}, {"model": "admin.logentry", "pk": 2, "fields": {"action_time": "2024-09-11T11:57:10.207Z", "user": 1, "content_type": 26, "object_id": "2", "object_repr": "Meat", "action_flag": 1, "change_message": "[{\"added\": {}}]"}}, {"model": "admin.logentry", "pk": 3, "fields": {"action_time": "2024-09-11T11:57:14.254Z", "user": 1, "content_type": 26, "object_id": "3", "object_repr": "Seafood", "action_flag": 1, "change_message": "[{\"added\": {}}]"}}, {"model": "admin.logentry", "pk": 4, "fields": {"action_time": "2024-09-11T11:57:18.231Z", "user": 1, "content_type": 26, "object_id": "4", "object_repr": "Fruit", "action_flag": 1, "change_message": "[{\"added\": {}}]"}}, {"model": "admin.logentry", "pk": 5, "fields": {"action_time": "2024-09-11T11:57:22.746Z", "user": 1, "content_type": 26, "object_id": "5", "object_repr": "Vegetables", "action_flag": 1, "change_message": "[{\"added\": {}}]"}}, {"model": "admin.logentry", "pk": 6, "fields": {"action_time": "2024-09-11T11:57:26.089Z", "user": 1, "content_type": 26, "object_id": "6", "object_repr": "Salad", "action_flag": 1, "change_message": "[{\"added\": {}}]"}}, {"model": "admin.logentry", "pk": 7, "fields": {"action_time": "2024-09-11T11:57:29.830Z", "user": 1, "content_type": 26, "object_id": "7", "object_repr": "Bakery", "action_flag": 1, "change_message": "[{\"added\": {}}]"}}, {"model": "admin.logentry", "pk": 8, "fields": {"action_time": "2024-09-11T11:57:33.398Z", "user": 1, "content_type": 26, "object_id": "8", "object_repr": "Dairy", "action_flag": 1, "change_message": "[{\"added\": {}}]"}}, {"model": "admin.logentry", "pk": 9, "fields": {"action_time": "2024-09-11T11:57:36.649Z", "user": 1, "content_type": 26, "object_id": "9", "object_repr": "Eggs", "action_flag": 1, "change_message": "[{\"added\": {}}]"}}, {"model": "admin.logentry", "pk": 10, "fields": {"action_time": "2024-09-11T11:57:40.205Z", "user": 1, "content_type": 26, "object_id": "10", "object_repr": "Herbs", "action_flag": 1, "change_message": "[{\"added\": {}}]"}}, {"model": "admin.logentry", "pk": 11, "fields": {"action_time": "2024-09-11T11:57:43.833Z", "user": 1, "content_type": 26, "object_id": "11", "object_repr": "Spices", "action_flag": 1, "change_message": "[{\"added\": {}}]"}}, {"model": "admin.logentry", "pk": 12, "fields": {"action_time": "2024-09-11T11:58:28.864Z", "user": 1, "content_type": 29, "object_id": "1", "object_repr": "Kg", "action_flag": 1, "change_message": "[{\"added\": {}}]"}}, {"model": "admin.logentry", "pk": 13, "fields": {"action_time": "2024-09-11T11:58:50.705Z", "user": 1, "content_type": 28, "object_id": "1", "object_repr": "Chicken Breast Fillet Min. 1Kg", "action_flag": 1, "change_message": "[{\"added\": {}}]"}}, {"model": "admin.logentry", "pk": 14, "fields": {"action_time": "2024-09-11T11:59:17.365Z", "user": 1, "content_type": 28, "object_id": "2", "object_repr": "Chicken Thigh Fillet Min. 1Kg", "action_flag": 1, "change_message": "[{\"added\": {}}]"}}, {"model": "admin.logentry", "pk": 15, "fields": {"action_time": "2024-09-11T11:59:43.476Z", "user": 1, "content_type": 29, "object_id": "2", "object_repr": "g", "action_flag": 1, "change_message": "[{\"added\": {}}]"}}, {"model": "admin.logentry", "pk": 16, "fields": {"action_time": "2024-09-11T12:00:51.912Z", "user": 1, "content_type": 28, "object_id": "3", "object_repr": "Soft White Loaf 680g", "action_flag": 1, "change_message": "[{\"added\": {}}]"}}, {"model": "admin.logentry", "pk": 17, "fields": {"action_time": "2024-09-11T12:01:36.671Z", "user": 1, "content_type": 27, "object_id": "1", "object_repr": "Vegetarian", "action_flag": 1, "change_message": "[{\"added\": {}}]"}}, {"model": "admin.logentry", "pk": 18, "fields": {"action_time": "2024-09-11T12:01:42.429Z", "user": 1, "content_type": 27, "object_id": "2", "object_repr": "Paleo", "action_flag": 1, "change_message": "[{\"added\": {}}]"}}, {"model": "admin.logentry", "pk": 19, "fields": {"action_time": "2024-09-11T12:01:50.283Z", "user": 1, "content_type": 27, "object_id": "3", "object_repr": "High-Protein", "action_flag": 1, "change_message": "[{\"added\": {}}]"}}, {"model": "admin.logentry", "pk": 20, "fields": {"action_time": "2024-09-11T12:02:00.507Z", "user": 1, "content_type": 31, "object_id": "1", "object_repr": "ProductDietaryDetail object (1)", "action_flag": 1, "change_message": "[{\"added\": {}}]"}}, {"model": "admin.logentry", "pk": 21, "fields": {"action_time": "2024-09-11T12:02:05.158Z", "user": 1, "content_type": 31, "object_id": "2", "object_repr": "ProductDietaryDetail object (2)", "action_flag": 1, "change_message": "[{\"added\": {}}]"}}, {"model": "admin.logentry", "pk": 22, "fields": {"action_time": "2024-09-11T12:02:08.936Z", "user": 1, "content_type": 31, "object_id": "3", "object_repr": "ProductDietaryDetail object (3)", "action_flag": 1, "change_message": "[{\"added\": {}}]"}}, {"model": "admin.logentry", "pk": 23, "fields": {"action_time": "2024-09-11T12:02:12.216Z", "user": 1, "content_type": 31, "object_id": "4", "object_repr": "ProductDietaryDetail object (4)", "action_flag": 1, "change_message": "[{\"added\": {}}]"}}, {"model": "admin.logentry", "pk": 24, "fields": {"action_time": "2024-09-11T12:02:16.198Z", "user": 1, "content_type": 31, "object_id": "5", "object_repr": "ProductDietaryDetail object (5)", "action_flag": 1, "change_message": "[{\"added\": {}}]"}}, {"model": "admin.logentry", "pk": 25, "fields": {"action_time": "2024-09-11T12:03:55.407Z", "user": 1, "content_type": 30, "object_id": "3", "object_repr": "ProductNutrition object (3)", "action_flag": 1, "change_message": "[{\"added\": {}}]"}}, {"model": "admin.logentry", "pk": 26, "fields": {"action_time": "2024-09-11T12:42:05.037Z", "user": 1, "content_type": 28, "object_id": "4", "object_repr": "Mixed Vegetable Seasonal Mix Frozen 1kg", "action_flag": 1, "change_message": "[{\"added\": {}}]"}}, {"model": "admin.logentry", "pk": 27, "fields": {"action_time": "2024-09-11T12:46:43.446Z", "user": 1, "content_type": 26, "object_id": "12", "object_repr": "Sauces", "action_flag": 1, "change_message": "[{\"added\": {}}]"}}, {"model": "admin.logentry", "pk": 28, "fields": {"action_time": "2024-09-11T12:46:53.475Z", "user": 1, "content_type": 29, "object_id": "3", "object_repr": "ml", "action_flag": 1, "change_message": "[{\"added\": {}}]"}}, {"model": "admin.logentry", "pk": 29, "fields": {"action_time": "2024-09-11T12:47:20.057Z", "user": 1, "content_type": 28, "object_id": "5", "object_repr": "Lee Kum Kee Soy Sauce Premium 500ml", "action_flag": 1, "change_message": "[{\"added\": {}}]"}}, {"model": "admin.logentry", "pk": 30, "fields": {"action_time": "2024-09-11T12:48:22.575Z", "user": 1, "content_type": 28, "object_id": "6", "object_repr": "Ayam Hoisin Sauce 210ml", "action_flag": 1, "change_message": "[{\"added\": {}}]"}}, {"model": "admin.logentry", "pk": 31, "fields": {"action_time": "2024-09-11T12:49:31.419Z", "user": 1, "content_type": 26, "object_id": "13", "object_repr": "Pantry", "action_flag": 1, "change_message": "[{\"added\": {}}]"}}, {"model": "admin.logentry", "pk": 32, "fields": {"action_time": "2024-09-11T12:50:07.990Z", "user": 1, "content_type": 28, "object_id": "7", "object_repr": "Ohlio Canola Oil & Moro Extra Virgin Olive Oil Blend 1l", "action_flag": 1, "change_message": "[{\"added\": {}}]"}}, {"model": "admin.logentry", "pk": 33, "fields": {"action_time": "2024-09-11T12:51:20.890Z", "user": 1, "content_type": 29, "object_id": "4", "object_repr": "EA", "action_flag": 1, "change_message": "[{\"added\": {}}]"}}, {"model": "admin.logentry", "pk": 34, "fields": {"action_time": "2024-09-11T12:51:44.675Z", "user": 1, "content_type": 28, "object_id": "8", "object_repr": "Garlic Head Each", "action_flag": 1, "change_message": "[{\"added\": {}}]"}}, {"model": "admin.logentry", "pk": 35, "fields": {"action_time": "2024-09-11T12:53:02.022Z", "user": 1, "content_type": 28, "object_id": "9", "object_repr": "Ginger Fresh Per Kg", "action_flag": 1, "change_message": "[{\"added\": {}}]"}}, {"model": "admin.logentry", "pk": 36, "fields": {"action_time": "2024-09-11T12:53:55.981Z", "user": 1, "content_type": 26, "object_id": "14", "object_repr": "Grains", "action_flag": 1, "change_message": "[{\"added\": {}}]"}}, {"model": "admin.logentry", "pk": 37, "fields": {"action_time": "2024-09-11T12:54:20.896Z", "user": 1, "content_type": 28, "object_id": "10", "object_repr": "Jasmine Rice 1kg", "action_flag": 1, "change_message": "[{\"added\": {}}]"}}, {"model": "admin.logentry", "pk": 38, "fields": {"action_time": "2024-09-11T12:56:16.662Z", "user": 1, "content_type": 28, "object_id": "11", "object_repr": "Iodised Table Salt Drum 500g", "action_flag": 1, "change_message": "[{\"added\": {}}]"}}, {"model": "admin.logentry", "pk": 39, "fields": {"action_time": "2024-09-11T12:56:44.804Z", "user": 1, "content_type": 28, "object_id": "12", "object_repr": "Pepper Grinder Black Peppercorn 50g", "action_flag": 1, "change_message": "[{\"added\": {}}]"}}, {"model": "admin.logentry", "pk": 40, "fields": {"action_time": "2024-09-11T13:03:16.305Z", "user": 1, "content_type": 24, "object_id": "1", "object_repr": "Ingredient object (1)", "action_flag": 1, "change_message": "[{\"added\": {}}]"}}, {"model": "admin.logentry", "pk": 41, "fields": {"action_time": "2024-09-11T13:07:50.560Z", "user": 1, "content_type": 24, "object_id": "2", "object_repr": "Ingredient object (2)", "action_flag": 1, "change_message": "[{\"added\": {}}]"}}, {"model": "admin.logentry", "pk": 42, "fields": {"action_time": "2024-09-11T13:09:14.832Z", "user": 1, "content_type": 24, "object_id": "3", "object_repr": "Ingredient object (3)", "action_flag": 1, "change_message": "[{\"added\": {}}]"}}, {"model": "admin.logentry", "pk": 43, "fields": {"action_time": "2024-09-11T13:10:20.446Z", "user": 1, "content_type": 24, "object_id": "4", "object_repr": "Ingredient object (4)", "action_flag": 1, "change_message": "[{\"added\": {}}]"}}, {"model": "admin.logentry", "pk": 44, "fields": {"action_time": "2024-09-11T13:12:45.563Z", "user": 1, "content_type": 24, "object_id": "4", "object_repr": "Ingredient object (4)", "action_flag": 2, "change_message": "[]"}}, {"model": "admin.logentry", "pk": 45, "fields": {"action_time": "2024-09-11T13:14:04.705Z", "user": 1, "content_type": 24, "object_id": "5", "object_repr": "Ingredient object (5)", "action_flag": 1, "change_message": "[{\"added\": {}}]"}}, {"model": "admin.logentry", "pk": 46, "fields": {"action_time": "2024-09-11T13:14:46.089Z", "user": 1, "content_type": 29, "object_id": "5", "object_repr": "Clove", "action_flag": 1, "change_message": "[{\"added\": {}}]"}}, {"model": "admin.logentry", "pk": 47, "fields": {"action_time": "2024-09-11T13:15:25.806Z", "user": 1, "content_type": 24, "object_id": "6", "object_repr": "Ingredient object (6)", "action_flag": 1, "change_message": "[{\"added\": {}}]"}}, {"model": "admin.logentry", "pk": 48, "fields": {"action_time": "2024-09-11T13:16:12.842Z", "user": 1, "content_type": 24, "object_id": "7", "object_repr": "Ingredient object (7)", "action_flag": 1, "change_message": "[{\"added\": {}}]"}}, {"model": "admin.logentry", "pk": 49, "fields": {"action_time": "2024-09-11T13:17:11.783Z", "user": 1, "content_type": 24, "object_id": "8", "object_repr": "Ingredient object (8)", "action_flag": 1, "change_message": "[{\"added\": {}}]"}}, {"model": "admin.logentry", "pk": 50, "fields": {"action_time": "2024-09-11T13:18:19.638Z", "user": 1, "content_type": 24, "object_id": "9", "object_repr": "Ingredient object (9)", "action_flag": 1, "change_message": "[{\"added\": {}}]"}}, {"model": "admin.logentry", "pk": 51, "fields": {"action_time": "2024-09-11T13:18:38.647Z", "user": 1, "content_type": 24, "object_id": "10", "object_repr": "Ingredient object (10)", "action_flag": 1, "change_message": "[{\"added\": {}}]"}}, {"model": "admin.logentry", "pk": 52, "fields": {"action_time": "2024-09-11T13:20:06.002Z", "user": 1, "content_type": 32, "object_id": "1", "object_repr": "PreparationType object (1)", "action_flag": 1, "change_message": "[{\"added\": {}}]"}}, {"model": "admin.logentry", "pk": 53, "fields": {"action_time": "2024-09-11T13:20:12.855Z", "user": 1, "content_type": 32, "object_id": "2", "object_repr": "PreparationType object (2)", "action_flag": 1, "change_message": "[{\"added\": {}}]"}}, {"model": "admin.logentry", "pk": 54, "fields": {"action_time": "2024-09-11T13:20:19.075Z", "user": 1, "content_type": 32, "object_id": "3", "object_repr": "PreparationType object (3)", "action_flag": 1, "change_message": "[{\"added\": {}}]"}}, {"model": "admin.logentry", "pk": 55, "fields": {"action_time": "2024-09-11T13:20:25.994Z", "user": 1, "content_type": 32, "object_id": "4", "object_repr": "PreparationType object (4)", "action_flag": 1, "change_message": "[{\"added\": {}}]"}}, {"model": "admin.logentry", "pk": 56, "fields": {"action_time": "2024-09-11T13:20:38.627Z", "user": 1, "content_type": 32, "object_id": "5", "object_repr": "PreparationType object (5)", "action_flag": 1, "change_message": "[{\"added\": {}}]"}}, {"model": "admin.logentry", "pk": 57, "fields": {"action_time": "2024-09-11T13:21:53.109Z", "user": 1, "content_type": 32, "object_id": "6", "object_repr": "PreparationType object (6)", "action_flag": 1, "change_message": "[{\"added\": {}}]"}}, {"model": "admin.logentry", "pk": 58, "fields": {"action_time": "2024-09-11T13:22:00.204Z", "user": 1, "content_type": 32, "object_id": "7", "object_repr": "PreparationType object (7)", "action_flag": 1, "change_message": "[{\"added\": {}}]"}}, {"model": "admin.logentry", "pk": 59, "fields": {"action_time": "2024-09-11T13:22:07.752Z", "user": 1, "content_type": 32, "object_id": "8", "object_repr": "PreparationType object (8)", "action_flag": 1, "change_message": "[{\"added\": {}}]"}}, {"model": "admin.logentry", "pk": 60, "fields": {"action_time": "2024-09-11T13:22:14.684Z", "user": 1, "content_type": 32, "object_id": "9", "object_repr": "PreparationType object (9)", "action_flag": 1, "change_message": "[{\"added\": {}}]"}}, {"model": "admin.logentry", "pk": 61, "fields": {"action_time": "2024-09-11T13:22:29.510Z", "user": 1, "content_type": 32, "object_id": "10", "object_repr": "PreparationType object (10)", "action_flag": 1, "change_message": "[{\"added\": {}}]"}}, {"model": "admin.logentry", "pk": 62, "fields": {"action_time": "2024-09-11T13:24:35.353Z", "user": 1, "content_type": 7, "object_id": "2", "object_repr": "mealu@gmail.com", "action_flag": 1, "change_message": "[{\"added\": {}}]"}}, {"model": "admin.logentry", "pk": 63, "fields": {"action_time": "2024-09-11T13:26:59.916Z", "user": 1, "content_type": 17, "object_id": "1", "object_repr": "MealType object (1)", "action_flag": 1, "change_message": "[{\"added\": {}}]"}}, {"model": "admin.logentry", "pk": 64, "fields": {"action_time": "2024-09-11T13:28:53.893Z", "user": 1, "content_type": 18, "object_id": "1", "object_repr": "Recipe object (1)", "action_flag": 1, "change_message": "[{\"added\": {}}]"}}, {"model": "admin.logentry", "pk": 65, "fields": {"action_time": "2024-09-11T14:32:37.899Z", "user": 1, "content_type": 33, "object_id": "1", "object_repr": "High-Protein Chicken and Vegetable Stir-Fry with Rice", "action_flag": 1, "change_message": "[{\"added\": {}}]"}}, {"model": "admin.logentry", "pk": 66, "fields": {"action_time": "2024-09-11T14:57:33.712Z", "user": 1, "content_type": 18, "object_id": "1", "object_repr": "Chicken and Vegetable Stir-Fry with Rice", "action_flag": 2, "change_message": "[{\"changed\": {\"fields\": [\"Serving size\"]}}]"}}, {"model": "admin.logentry", "pk": 67, "fields": {"action_time": "2024-09-11T15:01:14.325Z", "user": 1, "content_type": 20, "object_id": "1", "object_repr": "RecipeIngredient object (1)", "action_flag": 1, "change_message": "[{\"added\": {}}]"}}, {"model": "admin.logentry", "pk": 68, "fields": {"action_time": "2024-09-11T15:01:20.120Z", "user": 1, "content_type": 20, "object_id": "2", "object_repr": "RecipeIngredient object (2)", "action_flag": 1, "change_message": "[{\"added\": {}}]"}}, {"model": "admin.logentry", "pk": 69, "fields": {"action_time": "2024-09-11T15:01:27.316Z", "user": 1, "content_type": 20, "object_id": "3", "object_repr": "RecipeIngredient object (3)", "action_flag": 1, "change_message": "[{\"added\": {}}]"}}, {"model": "admin.logentry", "pk": 70, "fields": {"action_time": "2024-09-11T15:01:37.179Z", "user": 1, "content_type": 20, "object_id": "4", "object_repr": "RecipeIngredient object (4)", "action_flag": 1, "change_message": "[{\"added\": {}}]"}}, {"model": "admin.logentry", "pk": 71, "fields": {"action_time": "2024-09-11T15:01:45.245Z", "user": 1, "content_type": 20, "object_id": "5", "object_repr": "RecipeIngredient object (5)", "action_flag": 1, "change_message": "[{\"added\": {}}]"}}, {"model": "admin.logentry", "pk": 72, "fields": {"action_time": "2024-09-11T15:01:56.744Z", "user": 1, "content_type": 20, "object_id": "6", "object_repr": "RecipeIngredient object (6)", "action_flag": 1, "change_message": "[{\"added\": {}}]"}}, {"model": "admin.logentry", "pk": 73, "fields": {"action_time": "2024-09-11T15:02:11.273Z", "user": 1, "content_type": 20, "object_id": "7", "object_repr": "RecipeIngredient object (7)", "action_flag": 1, "change_message": "[{\"added\": {}}]"}}, {"model": "admin.logentry", "pk": 74, "fields": {"action_time": "2024-09-11T15:02:20.721Z", "user": 1, "content_type": 20, "object_id": "8", "object_repr": "RecipeIngredient object (8)", "action_flag": 1, "change_message": "[{\"added\": {}}]"}}, {"model": "admin.logentry", "pk": 75, "fields": {"action_time": "2024-09-11T15:02:25.005Z", "user": 1, "content_type": 20, "object_id": "9", "object_repr": "RecipeIngredient object (9)", "action_flag": 1, "change_message": "[{\"added\": {}}]"}}, {"model": "admin.logentry", "pk": 76, "fields": {"action_time": "2024-09-11T15:02:28.622Z", "user": 1, "content_type": 20, "object_id": "10", "object_repr": "RecipeIngredient object (10)", "action_flag": 1, "change_message": "[{\"added\": {}}]"}}, {"model": "admin.logentry", "pk": 77, "fields": {"action_time": "2024-09-11T15:04:10.639Z", "user": 1, "content_type": 20, "object_id": "6", "object_repr": "Minced Garlic Chicken and Vegetable Stir-Fry with Rice", "action_flag": 2, "change_message": "[{\"changed\": {\"fields\": [\"Preparation type\"]}}]"}}, {"model": "sessions.session", "pk": "8iv0tpmv0cs9au1zl40j9mmxlbwk6wmk", "fields": {"session_data": ".eJxVjDsOwjAQBe_iGlnr-Aslfc5g7a5tHECOFCcV4u4QKQW0b2beS0Tc1hq3npc4JXERSpx-N0J-5LaDdMd2myXPbV0mkrsiD9rlOKf8vB7u30HFXr_1kNGdVQlWM0AI6LVNjKyMLcEZsgGYqBQLmj1gYkUEbAavEaxywYj3B-KtN7g:1soLxb:tpqES0F64ehEibYng9wr9olsaRUplz1KiU33KrbFrjc", "expire_date": "2024-09-25T11:56:35.011Z"}}, {"model": "user_auth.user", "pk": 1, "fields": {"password": "pbkdf2_sha256$870000$qM7fMvL9uFZAoqnDG81BcH$+QYhIJ/0Ov8tuouezk4Ai/4n4tesWmZQph+C7ddf0Ys=", "last_login": "2024-09-11T11:56:35.009Z", "is_superuser": true, "email": "admin@gmail.com", "first_name": "admin", "last_name": "admin", "is_active": true, "is_staff": true, "role": "client", "groups": [], "user_permissions": []}}, {"model": "user_auth.user", "pk": 2, "fields": {"password": "admin", "last_login": null, "is_superuser": false, "email": "mealu@gmail.com", "first_name": "MealU", "last_name": "Official", "is_active": true, "is_staff": true, "role": "warehouse", "groups": [], "user_permissions": []}}, {"model": "community.ingredient", "pk": 1, "fields": {"name": "Chicken Breast", "product_id": 1, "unit_id": 2, "unit_size": "150.00", "price_per_unit": "1.80", "description": "", "stock": 100}}, {"model": "community.ingredient", "pk": 2, "fields": {"name": "Mixed vegetables (e.g., bell peppers, broccoli, carrots)", "product_id": 4, "unit_id": 2, "unit_size": "100.00", "price_per_unit": "0.68", "description": "", "stock": 100}}, {"model": "community.ingredient", "pk": 3, "fields": {"name": "Soy sauce", "product_id": 5, "unit_id": 3, "unit_size": "15.00", "price_per_unit": "0.07", "description": "", "stock": 100}}, {"model": "community.ingredient", "pk": 4, "fields": {"name": "Hoisin Sauce", "product_id": 6, "unit_id": 3, "unit_size": "7.50", "price_per_unit": "0.14", "description": "", "stock": 100}}, {"model": "community.ingredient", "pk": 5, "fields": {"name": "Olive oil", "product_id": 7, "unit_id": 3, "unit_size": "15.00", "price_per_unit": "0.14", "description": "", "stock": 100}}, {"model": "community.ingredient", "pk": 6, "fields": {"name": "Garlic", "product_id": 8, "unit_id": 5, "unit_size": "1.00", "price_per_unit": "0.16", "description": "", "stock": 100}}, {"model": "community.ingredient", "pk": 7, "fields": {"name": "Ginger", "product_id": 9, "unit_id": 2, "unit_size": "5.00", "price_per_unit": "0.13", "description": "", "stock": 100}}, {"model": "community.ingredient", "pk": 8, "fields": {"name": "Jasmine Rice", "product_id": 10, "unit_id": 2, "unit_size": "100.00", "price_per_unit": "0.35", "description": "", "stock": 100}}, {"model": "community.ingredient", "pk": 9, "fields": {"name": "Salt", "product_id": 11, "unit_id": 2, "unit_size": "5.00", "price_per_unit": "0.01", "description": "", "stock": 100}}, {"model": "community.ingredient", "pk": 10, "fields": {"name": "Pepper", "product_id": 12, "unit_id": 2, "unit_size": "5.00", "price_per_unit": "0.01", "description": "", "stock": 100}}, {"model": "community.preparationtype", "pk": 1, "fields": {"name": "Diced", "ingredient": 1, "additional_price": "0.00"}}, {"model": "community.preparationtype", "pk": 2, "fields": {"name": "Fillet", "ingredient": 1, "additional_price": "0.00"}}, {"model": "community.preparationtype", "pk": 3, "fields": {"name": "Cutlets", "ingredient": 1, "additional_price": "0.00"}}, {"model": "community.preparationtype", "pk": 4, "fields": {"name": "Cubed", "ingredient": 1, "additional_price": "0.00"}}, {"model": "community.preparationtype", "pk": 5, "fields": {"name": "Sliced", "ingredient": 1, "additional_price": "0.00"}}, {"model": "community.preparationtype", "pk": 6, "fields": {"name": "Minced", "ingredient": 6, "additional_price": "0.00"}}, {"model": "community.preparationtype", "pk": 7, "fields": {"name": "Chopped", "ingredient": 6, "additional_price": "0.00"}}, {"model": "community.preparationtype", "pk": 8, "fields": {"name": "Crushed", "ingredient": 6, "additional_price": "0.00"}}, {"model": "community.preparationtype", "pk": 9, "fields": {"name": "Sliced", "ingredient": 6, "additional_price": "0.00"}}, {"model": "community.preparationtype", "pk": 10, "fields": {"name": "Whole", "ingredient": 6, "additional_price": "0.00"}}, {"model": "community.mealtype", "pk": 1, "fields": {"name": "Lunch"}}, {"model": "community.recipe", "pk": 1, "fields": {"creator": 2, "name": "Chicken and Vegetable Stir-Fry with Rice", "description": "This Chicken and Vegetable Stir-Fry is a quick and nutritious meal perfect for bulking. Tender chicken breast is stir-fried with a colorful mix of vegetables and coated in a savory blend of soy and hoisin sauces. Served over a bed of fluffy rice, this dish provides a balanced combination of protein, fiber, and carbohydrates, making it ideal for a satisfying and energy-boosting lunch.", "serving_size": 1, "meal_type": 1, "cooking_time": 25, "instructions": ["Heat 15 milliliters of olive oil in a large skillet or wok over medium-high heat.", "Add the minced garlic and ginger to the skillet. Cook for about 1 minute, or until fragrant, stirring frequently to prevent burning.", "Add the chicken pieces to the skillet. Cook for 5-7 minutes, stirring occasionally, until the chicken is browned and cooked through (internal temperature should reach 75°C or 165°F).", "Add the mixed vegetables to the skillet with the chicken. Continue to stir-fry for an additional 3-5 minutes, or until the vegetables are tender-crisp.", "Stir in 15 milliliters of soy sauce and 7.5 milliliters of hoisin sauce. Cook for another 2-3 minutes, ensuring that the chicken and vegetables are evenly coated with the sauce.", "Taste and adjust seasoning with salt and pepper if needed.", "Serve the chicken and vegetable stir-fry over 150 grams of cooked rice."], "created_at": "2024-09-11T13:28:53.885Z", "updated_at": "2024-09-11", "photo": null, "is_customized": false}}, {"model": "community.recipeingredient", "pk": 1, "fields": {"recipe": 1, "ingredient": 1, "preparation_type": 1}}, {"model": "community.recipeingredient", "pk": 2, "fields": {"recipe": 1, "ingredient": 2, "preparation_type": null}}, {"model": "community.recipeingredient", "pk": 3, "fields": {"recipe": 1, "ingredient": 3, "preparation_type": null}}, {"model": "community.recipeingredient", "pk": 4, "fields": {"recipe": 1, "ingredient": 4, "preparation_type": null}}, {"model": "community.recipeingredient", "pk": 5, "fields": {"recipe": 1, "ingredient": 5, "preparation_type": null}}, {"model": "community.recipeingredient", "pk": 6, "fields": {"recipe": 1, "ingredient": 6, "preparation_type": 6}}, {"model": "community.recipeingredient", "pk": 7, "fields": {"recipe": 1, "ingredient": 7, "preparation_type": 6}}, {"model": "community.recipeingredient", "pk": 8, "fields": {"recipe": 1, "ingredient": 8, "preparation_type": null}}, {"model": "community.recipeingredient", "pk": 9, "fields": {"recipe": 1, "ingredient": 9, "preparation_type": null}}, {"model": "community.recipeingredient", "pk": 10, "fields": {"recipe": 1, "ingredient": 10, "preparation_type": null}}, {"model": "community.recipedietarydetail", "pk": 1, "fields": {"recipe": 1, "dietary_details": 3}}, {"model": "groceries.category", "pk": 1, "fields": {"name": "Poultry"}}, {"model": "groceries.category", "pk": 2, "fields": {"name": "Meat"}}, {"model": "groceries.category", "pk": 3, "fields": {"name": "Seafood"}}, {"model": "groceries.category", "pk": 4, "fields": {"name": "Fruit"}}, {"model": "groceries.category", "pk": 5, "fields": {"name": "Vegetables"}}, {"model": "groceries.category", "pk": 6, "fields": {"name": "Salad"}}, {"model": "groceries.category", "pk": 7, "fields": {"name": "Bakery"}}, {"model": "groceries.category", "pk": 8, "fields": {"name": "Dairy"}}, {"model": "groceries.category", "pk": 9, "fields": {"name": "Eggs"}}, {"model": "groceries.category", "pk": 10, "fields": {"name": "Herbs"}}, {"model": "groceries.category", "pk": 11, "fields": {"name": "Spices"}}, {"model": "groceries.category", "pk": 12, "fields": {"name": "Sauces"}}, {"model": "groceries.category", "pk": 13, "fields": {"name": "Pantry"}}, {"model": "groceries.category", "pk": 14, "fields": {"name": "Grains"}}, {"model": "groceries.dietarydetail", "pk": 1, "fields": {"name": "Vegetarian"}}, {"model": "groceries.dietarydetail", "pk": 2, "fields": {"name": "Paleo"}}, {"model": "groceries.dietarydetail", "pk": 3, "fields": {"name": "High-Protein"}}, {"model": "groceries.unit", "pk": 1, "fields": {"name": "Kg"}}, {"model": "groceries.unit", "pk": 2, "fields": {"name": "g"}}, {"model": "groceries.unit", "pk": 3, "fields": {"name": "ml"}}, {"model": "groceries.unit", "pk": 4, "fields": {"name": "EA"}}, {"model": "groceries.unit", "pk": 5, "fields": {"name": "Clove"}}, {"model": "groceries.product", "pk": 1, "fields": {"name": "Chicken Breast Fillet Min. 1Kg", "category_id": 1, "unit_id": 1, "unit_size": "1.00", "price_per_unit": "12.00", "measurement_size": "1.00", "price_per_measurement": "12.00", "description": "Rspca Approved Chicken Breast Fillet Min. 1Kg", "stock": 100}}, {"model": "groceries.product", "pk": 2, "fields": {"name": "Chicken Thigh Fillet Min. 1Kg", "category_id": 1, "unit_id": 1, "unit_size": "1.00", "price_per_unit": "14.50", "measurement_size": "1.00", "price_per_measurement": "14.50", "description": "RSPCA Approved Chicken", "stock": 100}}, {"model": "groceries.product", "pk": 3, "fields": {"name": "Soft White Loaf 680g", "category_id": 7, "unit_id": 2, "unit_size": "680.00", "price_per_unit": "2.90", "measurement_size": "100.00", "price_per_measurement": "0.43", "description": "Made in Australia from at least 92% Australian ingredients.\r\n\r\nIngredients\r\nWheat Flour (Vitamins (Thiamin, Folic Acid)), Water, Yeast, Vegetable Oils (Palm, Canola), Iodised Salt, Yellow Pea Flour, Wheat Gluten, Fermented Wheat Flour, Processing Aid (Wheat).\r\n\r\nAllergen\r\nContains:Gluten,Wheat\r\nMay contain:Egg,Lupin,Milk,Sesame,Soy,Peanuts,Tree Nuts", "stock": 100}}, {"model": "groceries.product", "pk": 4, "fields": {"name": "Mixed Vegetable Seasonal Mix Frozen 1kg", "category_id": 5, "unit_id": 1, "unit_size": "1.00", "price_per_unit": "6.80", "measurement_size": "1.00", "price_per_measurement": "6.80", "description": "Carrots, broccoli, beans, cauliflower, capsicum.", "stock": 97}}, {"model": "groceries.product", "pk": 5, "fields": {"name": "Lee Kum Kee Soy Sauce Premium 500ml", "category_id": 12, "unit_id": 3, "unit_size": "500.00", "price_per_unit": "2.35", "measurement_size": "100.00", "price_per_measurement": "0.47", "description": "Lee Kum Kee Premium Soy Sauce is made from soybeans and wheat flour. It is brewed according to the traditional method. Lee Kum Kee Premium Soy Sauce has a rich soy flavour, colour and aroma which will delicately enhance the taste of any dish. Use it as a meat marinade, a dipping sauce, and seasoning. Made with NON - GM soybeans.", "stock": 100}}, {"model": "groceries.product", "pk": 6, "fields": {"name": "Ayam Hoisin Sauce 210ml", "category_id": 12, "unit_id": 3, "unit_size": "210.00", "price_per_unit": "4.00", "measurement_size": "100.00", "price_per_measurement": "1.90", "description": "Sweet and tangy, ideal as a marinade for meat, as a dipping sauce for spring rolls or dumplings, or use in stir fries.", "stock": 0}}, {"model": "groceries.product", "pk": 7, "fields": {"name": "Ohlio Canola Oil & Moro Extra Virgin Olive Oil Blend 1l", "category_id": 13, "unit_id": 3, "unit_size": "1000.00", "price_per_unit": "9.50", "measurement_size": "100.00", "price_per_measurement": "0.95", "description": "Product of Spain", "stock": 100}}, {"model": "groceries.product", "pk": 8, "fields": {"name": "Garlic Head Each", "category_id": 5, "unit_id": 4, "unit_size": "1.00", "price_per_unit": "1.65", "measurement_size": "1.00", "price_per_measurement": "1.65", "description": "Bulb made up of segments called cloves, covered by a papery shell. The most common varieties of garlic contain 10 cloves (or segments) with white skin. Other varieties have pink or purple skin and larger cloves. As a rule, the smaller the clove, the stronger the taste. \r\nIt is a member of the allium family that also includes onions, chives, shallots, spring onions and leeks.\r\n\r\nWhat to look for\r\nLook for firm well-shaped cloves. Buy in small amounts and break off the cloves only when needed. Garlic dries out once detached. bulb of garlic has had its roots trimmed, one at a time. Garlic is never labelled since it sheds its skin if a label is applied to it.\r\n\r\nAvailability\r\nAll year.\r\n\r\nStore\r\nKeep in a cool dry place away from the sunlight. Avoid placing in plastic bags, or storing in the refrigerator or everything in the refrigerator will end up tasting of garlic. Avoid storing next to ginger as ginger dehydrates garlic.\r\n\r\nHow to prepare\r\nSeparate cloves from bulbs, remove papery skin unless roasting when skin can be left on. Cut bulbs in half crosswise and brush with oil to roast. To remove skin, press the clove under the flat side of a knife and the skin will come off easily. Chop the garlic very finely or crush it with the side of a knife. Alternatively, use a garlic crusher.\r\n\r\nWays to eat\r\nGarlic can be eaten raw or cooked. Raw garlic produces a strong, pungent flavour while cooking gives a more mellow flavour. The longer garlic is cooked, the milder and sweeter the flavour. It's usually used in small amounts, 2-3 cloves to a dish. Garlic burns easily, so take care when frying or sautéing. It can be used in vegetable dishes, meats, soups, dips, stir fries, braises and stews. Add whole unpeeled cloves into a roasting pan with meat or vegetables. Cut a whole head in half horizontally and roast in a little olive oil. When cooked, serve as it is, or squeeze the roasted flesh out and serve on crostini or fresh bread.\r\n\r\nCooking Methods\r\nRoast, braise, stew, stir fry.", "stock": 100}}, {"model": "groceries.product", "pk": 9, "fields": {"name": "Ginger Fresh Per Kg", "category_id": 11, "unit_id": 1, "unit_size": "1.00", "price_per_unit": "27.00", "measurement_size": "1.00", "price_per_measurement": "27.00", "description": "Ginger Fresh Per Kg", "stock": 100}}, {"model": "groceries.product", "pk": 10, "fields": {"name": "Jasmine Rice 1kg", "category_id": 14, "unit_id": 1, "unit_size": "1.00", "price_per_unit": "3.50", "measurement_size": "1.00", "price_per_measurement": "3.50", "description": "Product of Thailand", "stock": 100}}, {"model": "groceries.product", "pk": 11, "fields": {"name": "Iodised Table Salt Drum 500g", "category_id": 11, "unit_id": 2, "unit_size": "500.00", "price_per_unit": "1.50", "measurement_size": "10.00", "price_per_measurement": "0.03", "description": "Homebrand Iodised Table Salt", "stock": 100}}, {"model": "groceries.product", "pk": 12, "fields": {"name": "Pepper Grinder Black Peppercorn 50g", "category_id": 11, "unit_id": 2, "unit_size": "50.00", "price_per_unit": "3.40", "measurement_size": "10.00", "price_per_measurement": "0.68", "description": "Black Peppercorn Grinder", "stock": 100}}, {"model": "groceries.productdietarydetail", "pk": 1, "fields": {"product": 1, "dietary_details": 2}}, {"model": "groceries.productdietarydetail", "pk": 2, "fields": {"product": 1, "dietary_details": 3}}, {"model": "groceries.productdietarydetail", "pk": 3, "fields": {"product": 2, "dietary_details": 2}}, {"model": "groceries.productdietarydetail", "pk": 4, "fields": {"product": 2, "dietary_details": 3}}, {"model": "groceries.productdietarydetail", "pk": 5, "fields": {"product": 3, "dietary_details": 1}}, {"model": "groceries.productnutrition", "pk": 3, "fields": {"servings_per_package": 9, "serving_size": "75.00", "energy_per_serving": "765.00", "protein_per_serving": "5.70", "fat_total_per_serving": "1.50", "saturated_fat_per_serving": "0.50", "carbohydrate_per_serving": "35.20", "sugars_per_serving": "0.79", "dietary_fibre_per_serving": "1.40", "sodium_per_serving": "250.00", "energy_per_100g": "1020.00", "protein_per_100g": "7.60", "fat_total_per_100g": "2.00", "saturated_fat_per_100g": "0.70", "carbohydrate_per_100g": "47.00", "sugars_per_100g": "1.07", "dietary_fibre_per_100g": "1.90", "sodium_per_100g": "333.00"}}]