[{"model": "admin.logentry", "pk": 1, "fields": {"action_time": "2024-10-12T05:01:11.291Z", "user": 1, "content_type": 56, "object_id": "3", "object_repr": "Cart for john.doe@gmail.com", "action_flag": 3, "change_message": ""}}, {"model": "admin.logentry", "pk": 2, "fields": {"action_time": "2024-10-12T05:03:47.250Z", "user": 1, "content_type": 56, "object_id": "3", "object_repr": "Cart for john.doe@gmail.com", "action_flag": 3, "change_message": ""}}, {"model": "admin.logentry", "pk": 3, "fields": {"action_time": "2024-10-12T05:04:42.862Z", "user": 1, "content_type": 56, "object_id": "3", "object_repr": "Cart for john.doe@gmail.com", "action_flag": 3, "change_message": ""}}, {"model": "admin.logentry", "pk": 4, "fields": {"action_time": "2024-10-12T05:21:17.708Z", "user": 1, "content_type": 56, "object_id": "3", "object_repr": "Cart for john.doe@gmail.com", "action_flag": 3, "change_message": ""}}, {"model": "admin.logentry", "pk": 5, "fields": {"action_time": "2024-10-12T05:29:03.736Z", "user": 1, "content_type": 7, "object_id": "3", "object_repr": "john.doe@gmail.com", "action_flag": 2, "change_message": "[]"}}, {"model": "admin.logentry", "pk": 6, "fields": {"action_time": "2024-10-12T05:29:23.711Z", "user": 1, "content_type": 7, "object_id": "5", "object_repr": "courier@gmail.com", "action_flag": 1, "change_message": "[{\"added\": {}}]"}}, {"model": "admin.logentry", "pk": 7, "fields": {"action_time": "2024-10-12T05:42:03.222Z", "user": 1, "content_type": 56, "object_id": "3", "object_repr": "Cart for john.doe@gmail.com", "action_flag": 3, "change_message": ""}}, {"model": "admin.logentry", "pk": 8, "fields": {"action_time": "2024-10-12T05:44:18.796Z", "user": 1, "content_type": 48, "object_id": "8", "object_repr": "cancelled", "action_flag": 1, "change_message": "[{\"added\": {}}]"}}, {"model": "admin.logentry", "pk": 9, "fields": {"action_time": "2024-10-17T13:59:42.316Z", "user": 1, "content_type": 35, "object_id": "3", "object_repr": "Chicken Thigh Fillet Min. 1Kg dietary details", "action_flag": 3, "change_message": ""}}, {"model": "admin.logentry", "pk": 10, "fields": {"action_time": "2024-10-17T13:59:42.316Z", "user": 1, "content_type": 35, "object_id": "2", "object_repr": "Chicken Breast Fillet Min. 1Kg dietary details", "action_flag": 3, "change_message": ""}}, {"model": "admin.logentry", "pk": 11, "fields": {"action_time": "2024-10-17T14:00:03.783Z", "user": 1, "content_type": 35, "object_id": "6", "object_repr": "Mixed Vegetable Seasonal Mix Frozen 1kg dietary details", "action_flag": 1, "change_message": "[{\"added\": {}}]"}}, {"model": "admin.logentry", "pk": 12, "fields": {"action_time": "2024-10-17T14:00:21.158Z", "user": 1, "content_type": 35, "object_id": "7", "object_repr": "Chicken Breast Fillet Min. 1Kg dietary details", "action_flag": 1, "change_message": "[{\"added\": {}}]"}}, {"model": "admin.logentry", "pk": 13, "fields": {"action_time": "2024-10-17T14:05:58.859Z", "user": 1, "content_type": 35, "object_id": "8", "object_repr": "Mixed Vegetable Seasonal Mix Frozen 1kg Pescatarian", "action_flag": 1, "change_message": "[{\"added\": {}}]"}}, {"model": "admin.logentry", "pk": 14, "fields": {"action_time": "2024-10-17T14:06:06.955Z", "user": 1, "content_type": 35, "object_id": "9", "object_repr": "Mixed Vegetable Seasonal Mix Frozen 1kg Gluten-Free", "action_flag": 1, "change_message": "[{\"added\": {}}]"}}, {"model": "admin.logentry", "pk": 15, "fields": {"action_time": "2024-10-17T14:06:16.665Z", "user": 1, "content_type": 35, "object_id": "10", "object_repr": "Mixed Vegetable Seasonal Mix Frozen 1kg Nut-Free", "action_flag": 1, "change_message": "[{\"added\": {}}]"}}, {"model": "admin.logentry", "pk": 16, "fields": {"action_time": "2024-10-17T14:06:24.358Z", "user": 1, "content_type": 35, "object_id": "11", "object_repr": "Mixed Vegetable Seasonal Mix Frozen 1kg Paleo", "action_flag": 1, "change_message": "[{\"added\": {}}]"}}, {"model": "admin.logentry", "pk": 17, "fields": {"action_time": "2024-10-17T14:06:29.364Z", "user": 1, "content_type": 35, "object_id": "12", "object_repr": "Mixed Vegetable Seasonal Mix Frozen 1kg Dairy-Free", "action_flag": 1, "change_message": "[{\"added\": {}}]"}}, {"model": "admin.logentry", "pk": 18, "fields": {"action_time": "2024-10-17T14:06:34.014Z", "user": 1, "content_type": 35, "object_id": "13", "object_repr": "Mixed Vegetable Seasonal Mix Frozen 1kg Halal", "action_flag": 1, "change_message": "[{\"added\": {}}]"}}, {"model": "admin.logentry", "pk": 19, "fields": {"action_time": "2024-10-17T14:40:16.484Z", "user": 1, "content_type": 35, "object_id": "14", "object_repr": "Chicken Breast Fillet Min. 1Kg Gluten-Free", "action_flag": 1, "change_message": "[{\"added\": {}}]"}}, {"model": "admin.logentry", "pk": 20, "fields": {"action_time": "2024-10-17T14:40:23.241Z", "user": 1, "content_type": 35, "object_id": "15", "object_repr": "Chicken Breast Fillet Min. 1Kg Low-Carb", "action_flag": 1, "change_message": "[{\"added\": {}}]"}}, {"model": "admin.logentry", "pk": 21, "fields": {"action_time": "2024-10-17T14:40:27.761Z", "user": 1, "content_type": 35, "object_id": "16", "object_repr": "Chicken Breast Fillet Min. 1Kg Dairy-Free", "action_flag": 1, "change_message": "[{\"added\": {}}]"}}, {"model": "admin.logentry", "pk": 22, "fields": {"action_time": "2024-10-17T14:40:36.737Z", "user": 1, "content_type": 35, "object_id": "17", "object_repr": "Chicken Thigh Fillet Min. 1Kg Gluten-Free", "action_flag": 1, "change_message": "[{\"added\": {}}]"}}, {"model": "admin.logentry", "pk": 23, "fields": {"action_time": "2024-10-17T14:40:41.777Z", "user": 1, "content_type": 35, "object_id": "18", "object_repr": "Chicken Thigh Fillet Min. 1Kg Low-Carb", "action_flag": 1, "change_message": "[{\"added\": {}}]"}}, {"model": "admin.logentry", "pk": 24, "fields": {"action_time": "2024-10-17T14:40:48.994Z", "user": 1, "content_type": 35, "object_id": "19", "object_repr": "Chicken Thigh Fillet Min. 1Kg Dairy-Free", "action_flag": 1, "change_message": "[{\"added\": {}}]"}}, {"model": "admin.logentry", "pk": 25, "fields": {"action_time": "2024-10-17T14:41:01.432Z", "user": 1, "content_type": 35, "object_id": "20", "object_repr": "Sunny Queen 12 Extra Large Free Range Eggs 700g Vegetarian", "action_flag": 1, "change_message": "[{\"added\": {}}]"}}, {"model": "admin.logentry", "pk": 26, "fields": {"action_time": "2024-10-17T14:41:06.158Z", "user": 1, "content_type": 35, "object_id": "21", "object_repr": "Sunny Queen 12 Extra Large Free Range Eggs 700g High-Protein", "action_flag": 1, "change_message": "[{\"added\": {}}]"}}, {"model": "admin.logentry", "pk": 27, "fields": {"action_time": "2024-10-17T14:41:11.405Z", "user": 1, "content_type": 35, "object_id": "22", "object_repr": "Sunny Queen 12 Extra Large Free Range Eggs 700g Halal", "action_flag": 1, "change_message": "[{\"added\": {}}]"}}, {"model": "admin.logentry", "pk": 28, "fields": {"action_time": "2024-10-17T14:41:30.963Z", "user": 1, "content_type": 35, "object_id": "23", "object_repr": "Soft White Loaf 680g Halal", "action_flag": 1, "change_message": "[{\"added\": {}}]"}}, {"model": "admin.logentry", "pk": 29, "fields": {"action_time": "2024-10-17T14:41:41.707Z", "user": 1, "content_type": 35, "object_id": "24", "object_repr": "Lee Kum Kee Soy Sauce Premium 500ml Pescatarian", "action_flag": 1, "change_message": "[{\"added\": {}}]"}}, {"model": "admin.logentry", "pk": 30, "fields": {"action_time": "2024-10-17T14:41:46.188Z", "user": 1, "content_type": 35, "object_id": "25", "object_repr": "Lee Kum Kee Soy Sauce Premium 500ml Vegetarian", "action_flag": 1, "change_message": "[{\"added\": {}}]"}}, {"model": "admin.logentry", "pk": 31, "fields": {"action_time": "2024-10-17T14:41:52.558Z", "user": 1, "content_type": 35, "object_id": "26", "object_repr": "Lee Kum Kee Soy Sauce Premium 500ml Halal", "action_flag": 1, "change_message": "[{\"added\": {}}]"}}, {"model": "admin.logentry", "pk": 32, "fields": {"action_time": "2024-10-17T14:42:00.231Z", "user": 1, "content_type": 35, "object_id": "27", "object_repr": "Ayam Hoisin Sauce 210ml Vegetarian", "action_flag": 1, "change_message": "[{\"added\": {}}]"}}, {"model": "admin.logentry", "pk": 33, "fields": {"action_time": "2024-10-17T14:42:07.184Z", "user": 1, "content_type": 35, "object_id": "28", "object_repr": "Ayam Hoisin Sauce 210ml Pescatarian", "action_flag": 1, "change_message": "[{\"added\": {}}]"}}, {"model": "admin.logentry", "pk": 34, "fields": {"action_time": "2024-10-17T14:42:16.374Z", "user": 1, "content_type": 35, "object_id": "29", "object_repr": "Ayam Hoisin Sauce 210ml Dairy-Free", "action_flag": 1, "change_message": "[{\"added\": {}}]"}}, {"model": "admin.logentry", "pk": 35, "fields": {"action_time": "2024-10-17T14:42:24.038Z", "user": 1, "content_type": 35, "object_id": "30", "object_repr": "Ayam Hoisin Sauce 210ml Halal", "action_flag": 1, "change_message": "[{\"added\": {}}]"}}, {"model": "admin.logentry", "pk": 36, "fields": {"action_time": "2024-10-17T14:42:37.087Z", "user": 1, "content_type": 35, "object_id": "31", "object_repr": "Ohlio Canola Oil & Moro Extra Virgin Olive Oil Blend 1l Vegetarian", "action_flag": 1, "change_message": "[{\"added\": {}}]"}}, {"model": "admin.logentry", "pk": 37, "fields": {"action_time": "2024-10-17T14:42:44.385Z", "user": 1, "content_type": 35, "object_id": "32", "object_repr": "Ohlio Canola Oil & Moro Extra Virgin Olive Oil Blend 1l Pescatarian", "action_flag": 1, "change_message": "[{\"added\": {}}]"}}, {"model": "admin.logentry", "pk": 38, "fields": {"action_time": "2024-10-17T14:42:50.411Z", "user": 1, "content_type": 35, "object_id": "33", "object_repr": "Ohlio Canola Oil & Moro Extra Virgin Olive Oil Blend 1l Gluten-Free", "action_flag": 1, "change_message": "[{\"added\": {}}]"}}, {"model": "admin.logentry", "pk": 39, "fields": {"action_time": "2024-10-17T14:42:57.563Z", "user": 1, "content_type": 35, "object_id": "34", "object_repr": "Ohlio Canola Oil & Moro Extra Virgin Olive Oil Blend 1l Nut-Free", "action_flag": 1, "change_message": "[{\"added\": {}}]"}}, {"model": "admin.logentry", "pk": 40, "fields": {"action_time": "2024-10-17T14:43:01.915Z", "user": 1, "content_type": 35, "object_id": "35", "object_repr": "Ohlio Canola Oil & Moro Extra Virgin Olive Oil Blend 1l Paleo", "action_flag": 1, "change_message": "[{\"added\": {}}]"}}, {"model": "admin.logentry", "pk": 41, "fields": {"action_time": "2024-10-17T14:43:06.180Z", "user": 1, "content_type": 35, "object_id": "36", "object_repr": "Ohlio Canola Oil & Moro Extra Virgin Olive Oil Blend 1l Dairy-Free", "action_flag": 1, "change_message": "[{\"added\": {}}]"}}, {"model": "admin.logentry", "pk": 42, "fields": {"action_time": "2024-10-17T14:43:10.996Z", "user": 1, "content_type": 35, "object_id": "37", "object_repr": "Ohlio Canola Oil & Moro Extra Virgin Olive Oil Blend 1l Halal", "action_flag": 1, "change_message": "[{\"added\": {}}]"}}, {"model": "admin.logentry", "pk": 43, "fields": {"action_time": "2024-10-17T14:43:39.390Z", "user": 1, "content_type": 35, "object_id": "38", "object_repr": "Garlic Head Each Vegan", "action_flag": 1, "change_message": "[{\"added\": {}}]"}}, {"model": "admin.logentry", "pk": 44, "fields": {"action_time": "2024-10-17T14:43:47.397Z", "user": 1, "content_type": 35, "object_id": "39", "object_repr": "Garlic Head Each Pescatarian", "action_flag": 1, "change_message": "[{\"added\": {}}]"}}, {"model": "admin.logentry", "pk": 45, "fields": {"action_time": "2024-10-17T14:43:52.591Z", "user": 1, "content_type": 35, "object_id": "40", "object_repr": "Garlic Head Each Gluten-Free", "action_flag": 1, "change_message": "[{\"added\": {}}]"}}, {"model": "admin.logentry", "pk": 46, "fields": {"action_time": "2024-10-17T14:43:57.042Z", "user": 1, "content_type": 35, "object_id": "41", "object_repr": "Garlic Head Each Nut-Free", "action_flag": 1, "change_message": "[{\"added\": {}}]"}}, {"model": "admin.logentry", "pk": 47, "fields": {"action_time": "2024-10-17T14:44:01.683Z", "user": 1, "content_type": 35, "object_id": "42", "object_repr": "Garlic Head Each Paleo", "action_flag": 1, "change_message": "[{\"added\": {}}]"}}, {"model": "admin.logentry", "pk": 48, "fields": {"action_time": "2024-10-17T14:44:22.935Z", "user": 1, "content_type": 35, "object_id": "43", "object_repr": "Garlic Head Each Halal", "action_flag": 1, "change_message": "[{\"added\": {}}]"}}, {"model": "admin.logentry", "pk": 49, "fields": {"action_time": "2024-10-17T14:44:30.286Z", "user": 1, "content_type": 35, "object_id": "44", "object_repr": "Ginger Fresh Per Kg Vegan", "action_flag": 1, "change_message": "[{\"added\": {}}]"}}, {"model": "admin.logentry", "pk": 50, "fields": {"action_time": "2024-10-17T14:44:49.725Z", "user": 1, "content_type": 35, "object_id": "45", "object_repr": "Ginger Fresh Per Kg Pescatarian", "action_flag": 1, "change_message": "[{\"added\": {}}]"}}, {"model": "admin.logentry", "pk": 51, "fields": {"action_time": "2024-10-17T14:44:56.958Z", "user": 1, "content_type": 35, "object_id": "46", "object_repr": "Ginger Fresh Per Kg Nut-Free", "action_flag": 1, "change_message": "[{\"added\": {}}]"}}, {"model": "admin.logentry", "pk": 52, "fields": {"action_time": "2024-10-17T14:45:00.928Z", "user": 1, "content_type": 35, "object_id": "47", "object_repr": "Ginger Fresh Per Kg Paleo", "action_flag": 1, "change_message": "[{\"added\": {}}]"}}, {"model": "admin.logentry", "pk": 53, "fields": {"action_time": "2024-10-17T14:45:10.576Z", "user": 1, "content_type": 35, "object_id": "48", "object_repr": "Ginger Fresh Per Kg Dairy-Free", "action_flag": 1, "change_message": "[{\"added\": {}}]"}}, {"model": "admin.logentry", "pk": 54, "fields": {"action_time": "2024-10-17T14:45:16.930Z", "user": 1, "content_type": 35, "object_id": "49", "object_repr": "Ginger Fresh Per Kg Halal", "action_flag": 1, "change_message": "[{\"added\": {}}]"}}, {"model": "admin.logentry", "pk": 55, "fields": {"action_time": "2024-10-17T14:45:25.594Z", "user": 1, "content_type": 35, "object_id": "50", "object_repr": "Ginger Fresh Per Kg Low-Carb", "action_flag": 1, "change_message": "[{\"added\": {}}]"}}, {"model": "admin.logentry", "pk": 56, "fields": {"action_time": "2024-10-17T14:45:33.037Z", "user": 1, "content_type": 35, "object_id": "51", "object_repr": "Jasmine Rice 1kg Vegan", "action_flag": 1, "change_message": "[{\"added\": {}}]"}}, {"model": "admin.logentry", "pk": 57, "fields": {"action_time": "2024-10-17T14:45:40.123Z", "user": 1, "content_type": 35, "object_id": "52", "object_repr": "Jasmine Rice 1kg Pescatarian", "action_flag": 1, "change_message": "[{\"added\": {}}]"}}, {"model": "admin.logentry", "pk": 58, "fields": {"action_time": "2024-10-17T14:45:45.004Z", "user": 1, "content_type": 35, "object_id": "53", "object_repr": "Jasmine Rice 1kg Gluten-Free", "action_flag": 1, "change_message": "[{\"added\": {}}]"}}, {"model": "admin.logentry", "pk": 59, "fields": {"action_time": "2024-10-17T14:46:01.092Z", "user": 1, "content_type": 35, "object_id": "54", "object_repr": "Jasmine Rice 1kg Nut-Free", "action_flag": 1, "change_message": "[{\"added\": {}}]"}}, {"model": "admin.logentry", "pk": 60, "fields": {"action_time": "2024-10-17T14:46:08.807Z", "user": 1, "content_type": 35, "object_id": "55", "object_repr": "Jasmine Rice 1kg Dairy-Free", "action_flag": 1, "change_message": "[{\"added\": {}}]"}}, {"model": "admin.logentry", "pk": 61, "fields": {"action_time": "2024-10-17T14:46:13.665Z", "user": 1, "content_type": 35, "object_id": "56", "object_repr": "Jasmine Rice 1kg Vegetarian", "action_flag": 1, "change_message": "[{\"added\": {}}]"}}, {"model": "admin.logentry", "pk": 62, "fields": {"action_time": "2024-10-17T14:46:18.570Z", "user": 1, "content_type": 35, "object_id": "57", "object_repr": "Jasmine Rice 1kg Halal", "action_flag": 1, "change_message": "[{\"added\": {}}]"}}, {"model": "admin.logentry", "pk": 63, "fields": {"action_time": "2024-10-17T14:46:34.791Z", "user": 1, "content_type": 35, "object_id": "58", "object_repr": "Iodised Table Salt Drum 500g Vegetarian", "action_flag": 1, "change_message": "[{\"added\": {}}]"}}, {"model": "admin.logentry", "pk": 64, "fields": {"action_time": "2024-10-17T14:46:44.234Z", "user": 1, "content_type": 35, "object_id": "59", "object_repr": "Iodised Table Salt Drum 500g Vegan", "action_flag": 1, "change_message": "[{\"added\": {}}]"}}, {"model": "admin.logentry", "pk": 65, "fields": {"action_time": "2024-10-17T14:46:49.851Z", "user": 1, "content_type": 35, "object_id": "60", "object_repr": "Iodised Table Salt Drum 500g Halal", "action_flag": 1, "change_message": "[{\"added\": {}}]"}}, {"model": "admin.logentry", "pk": 66, "fields": {"action_time": "2024-10-17T14:46:54.007Z", "user": 1, "content_type": 35, "object_id": "61", "object_repr": "Iodised Table Salt Drum 500g Nut-Free", "action_flag": 1, "change_message": "[{\"added\": {}}]"}}, {"model": "admin.logentry", "pk": 67, "fields": {"action_time": "2024-10-17T14:47:03.658Z", "user": 1, "content_type": 35, "object_id": "62", "object_repr": "Iodised Table Salt Drum 500g Paleo", "action_flag": 1, "change_message": "[{\"added\": {}}]"}}, {"model": "admin.logentry", "pk": 68, "fields": {"action_time": "2024-10-17T14:47:11.444Z", "user": 1, "content_type": 35, "object_id": "63", "object_repr": "Iodised Table Salt Drum 500g Dairy-Free", "action_flag": 1, "change_message": "[{\"added\": {}}]"}}, {"model": "admin.logentry", "pk": 69, "fields": {"action_time": "2024-10-17T14:47:28.807Z", "user": 1, "content_type": 35, "object_id": "64", "object_repr": "Pepper Grinder Black Peppercorn 50g Vegan", "action_flag": 1, "change_message": "[{\"added\": {}}]"}}, {"model": "admin.logentry", "pk": 70, "fields": {"action_time": "2024-10-17T14:47:35.562Z", "user": 1, "content_type": 35, "object_id": "65", "object_repr": "Pepper Grinder Black Peppercorn 50g Gluten-Free", "action_flag": 1, "change_message": "[{\"added\": {}}]"}}, {"model": "admin.logentry", "pk": 71, "fields": {"action_time": "2024-10-17T14:47:41.708Z", "user": 1, "content_type": 35, "object_id": "66", "object_repr": "Pepper Grinder Black Peppercorn 50g Pescatarian", "action_flag": 1, "change_message": "[{\"added\": {}}]"}}, {"model": "admin.logentry", "pk": 72, "fields": {"action_time": "2024-10-17T14:47:47.243Z", "user": 1, "content_type": 35, "object_id": "67", "object_repr": "Pepper Grinder Black Peppercorn 50g Nut-Free", "action_flag": 1, "change_message": "[{\"added\": {}}]"}}, {"model": "admin.logentry", "pk": 73, "fields": {"action_time": "2024-10-17T14:47:56.526Z", "user": 1, "content_type": 35, "object_id": "68", "object_repr": "Pepper Grinder Black Peppercorn 50g Paleo", "action_flag": 1, "change_message": "[{\"added\": {}}]"}}, {"model": "admin.logentry", "pk": 74, "fields": {"action_time": "2024-10-17T14:48:02.028Z", "user": 1, "content_type": 35, "object_id": "69", "object_repr": "Pepper Grinder Black Peppercorn 50g Dairy-Free", "action_flag": 1, "change_message": "[{\"added\": {}}]"}}, {"model": "admin.logentry", "pk": 75, "fields": {"action_time": "2024-10-17T14:48:06.495Z", "user": 1, "content_type": 35, "object_id": "70", "object_repr": "Pepper Grinder Black Peppercorn 50g Halal", "action_flag": 1, "change_message": "[{\"added\": {}}]"}}, {"model": "admin.logentry", "pk": 76, "fields": {"action_time": "2024-10-17T14:48:14.964Z", "user": 1, "content_type": 35, "object_id": "71", "object_repr": "Salmon Tasmanian Atlantic Fillets Skin On Per Kg Pescatarian", "action_flag": 1, "change_message": "[{\"added\": {}}]"}}, {"model": "admin.logentry", "pk": 77, "fields": {"action_time": "2024-10-17T14:48:21.744Z", "user": 1, "content_type": 35, "object_id": "72", "object_repr": "Salmon Tasmanian Atlantic Fillets Skin On Per Kg Gluten-Free", "action_flag": 1, "change_message": "[{\"added\": {}}]"}}, {"model": "admin.logentry", "pk": 78, "fields": {"action_time": "2024-10-17T14:48:27.392Z", "user": 1, "content_type": 35, "object_id": "73", "object_repr": "Salmon Tasmanian Atlantic Fillets Skin On Per Kg Low-Carb", "action_flag": 1, "change_message": "[{\"added\": {}}]"}}, {"model": "admin.logentry", "pk": 79, "fields": {"action_time": "2024-10-17T14:48:31.029Z", "user": 1, "content_type": 35, "object_id": "74", "object_repr": "Salmon Tasmanian Atlantic Fillets Skin On Per Kg High-Protein", "action_flag": 1, "change_message": "[{\"added\": {}}]"}}, {"model": "admin.logentry", "pk": 80, "fields": {"action_time": "2024-10-17T14:48:35.863Z", "user": 1, "content_type": 35, "object_id": "75", "object_repr": "Salmon Tasmanian Atlantic Fillets Skin On Per Kg Dairy-Free", "action_flag": 1, "change_message": "[{\"added\": {}}]"}}, {"model": "admin.logentry", "pk": 81, "fields": {"action_time": "2024-10-17T14:48:41.295Z", "user": 1, "content_type": 35, "object_id": "76", "object_repr": "Salmon Tasmanian Atlantic Fillets Skin On Per Kg Halal", "action_flag": 1, "change_message": "[{\"added\": {}}]"}}, {"model": "admin.logentry", "pk": 82, "fields": {"action_time": "2024-10-17T14:48:50.417Z", "user": 1, "content_type": 35, "object_id": "77", "object_repr": "Ayam Teriyaki Sauce 210ml Pescatarian", "action_flag": 1, "change_message": "[{\"added\": {}}]"}}, {"model": "admin.logentry", "pk": 83, "fields": {"action_time": "2024-10-17T14:49:03.232Z", "user": 1, "content_type": 35, "object_id": "78", "object_repr": "Ayam Teriyaki Sauce 210ml Vegetarian", "action_flag": 1, "change_message": "[{\"added\": {}}]"}}, {"model": "admin.logentry", "pk": 84, "fields": {"action_time": "2024-10-17T14:49:09.546Z", "user": 1, "content_type": 35, "object_id": "79", "object_repr": "Ayam Teriyaki Sauce 210ml Dairy-Free", "action_flag": 1, "change_message": "[{\"added\": {}}]"}}, {"model": "admin.logentry", "pk": 85, "fields": {"action_time": "2024-10-17T14:49:18.835Z", "user": 1, "content_type": 35, "object_id": "80", "object_repr": "Pure Honey Squeeze 400g Vegetarian", "action_flag": 1, "change_message": "[{\"added\": {}}]"}}, {"model": "admin.logentry", "pk": 86, "fields": {"action_time": "2024-10-17T14:49:23.328Z", "user": 1, "content_type": 35, "object_id": "81", "object_repr": "Pure Honey Squeeze 400g Pescatarian", "action_flag": 1, "change_message": "[{\"added\": {}}]"}}, {"model": "admin.logentry", "pk": 87, "fields": {"action_time": "2024-10-17T14:49:29.419Z", "user": 1, "content_type": 35, "object_id": "82", "object_repr": "Pure Honey Squeeze 400g Gluten-Free", "action_flag": 1, "change_message": "[{\"added\": {}}]"}}, {"model": "admin.logentry", "pk": 88, "fields": {"action_time": "2024-10-17T14:49:34.348Z", "user": 1, "content_type": 35, "object_id": "83", "object_repr": "Pure Honey Squeeze 400g Nut-Free", "action_flag": 1, "change_message": "[{\"added\": {}}]"}}, {"model": "admin.logentry", "pk": 89, "fields": {"action_time": "2024-10-17T14:49:43.599Z", "user": 1, "content_type": 35, "object_id": "84", "object_repr": "Pure Honey Squeeze 400g Dairy-Free", "action_flag": 1, "change_message": "[{\"added\": {}}]"}}, {"model": "admin.logentry", "pk": 90, "fields": {"action_time": "2024-10-17T14:49:49.180Z", "user": 1, "content_type": 35, "object_id": "85", "object_repr": "Pure Honey Squeeze 400g Halal", "action_flag": 1, "change_message": "[{\"added\": {}}]"}}, {"model": "admin.logentry", "pk": 91, "fields": {"action_time": "2024-10-17T14:50:02.151Z", "user": 1, "content_type": 35, "object_id": "86", "object_repr": "Beans Round Per Kg Vegetarian", "action_flag": 1, "change_message": "[{\"added\": {}}]"}}, {"model": "admin.logentry", "pk": 92, "fields": {"action_time": "2024-10-17T14:50:07.958Z", "user": 1, "content_type": 35, "object_id": "87", "object_repr": "Beans Round Per Kg Vegan", "action_flag": 1, "change_message": "[{\"added\": {}}]"}}, {"model": "admin.logentry", "pk": 93, "fields": {"action_time": "2024-10-17T14:50:14.513Z", "user": 1, "content_type": 35, "object_id": "88", "object_repr": "Beans Round Per Kg Pescatarian", "action_flag": 1, "change_message": "[{\"added\": {}}]"}}, {"model": "admin.logentry", "pk": 94, "fields": {"action_time": "2024-10-17T14:50:19.497Z", "user": 1, "content_type": 35, "object_id": "89", "object_repr": "Beans Round Per Kg Gluten-Free", "action_flag": 1, "change_message": "[{\"added\": {}}]"}}, {"model": "admin.logentry", "pk": 95, "fields": {"action_time": "2024-10-17T14:50:23.556Z", "user": 1, "content_type": 35, "object_id": "90", "object_repr": "Beans Round Per Kg Nut-Free", "action_flag": 1, "change_message": "[{\"added\": {}}]"}}, {"model": "admin.logentry", "pk": 96, "fields": {"action_time": "2024-10-17T14:50:28.616Z", "user": 1, "content_type": 35, "object_id": "91", "object_repr": "Beans Round Per Kg Paleo", "action_flag": 1, "change_message": "[{\"added\": {}}]"}}, {"model": "admin.logentry", "pk": 97, "fields": {"action_time": "2024-10-17T14:50:42.401Z", "user": 1, "content_type": 35, "object_id": "92", "object_repr": "Beans Round Per Kg Low-Carb", "action_flag": 1, "change_message": "[{\"added\": {}}]"}}, {"model": "admin.logentry", "pk": 98, "fields": {"action_time": "2024-10-17T14:50:48.200Z", "user": 1, "content_type": 35, "object_id": "93", "object_repr": "Beans Round Per Kg Dairy-Free", "action_flag": 1, "change_message": "[{\"added\": {}}]"}}, {"model": "admin.logentry", "pk": 99, "fields": {"action_time": "2024-10-17T14:50:56.525Z", "user": 1, "content_type": 35, "object_id": "94", "object_repr": "Beans Round Per Kg High-Protein", "action_flag": 1, "change_message": "[{\"added\": {}}]"}}, {"model": "admin.logentry", "pk": 100, "fields": {"action_time": "2024-10-17T14:51:01.834Z", "user": 1, "content_type": 35, "object_id": "95", "object_repr": "Beans Round Per Kg Halal", "action_flag": 1, "change_message": "[{\"added\": {}}]"}}, {"model": "admin.logentry", "pk": 101, "fields": {"action_time": "2024-10-17T14:51:10.916Z", "user": 1, "content_type": 35, "object_id": "96", "object_repr": "Hoyt's Sesame Seeds 100g Vegetarian", "action_flag": 1, "change_message": "[{\"added\": {}}]"}}, {"model": "admin.logentry", "pk": 102, "fields": {"action_time": "2024-10-17T14:51:14.671Z", "user": 1, "content_type": 35, "object_id": "97", "object_repr": "Hoyt's Sesame Seeds 100g Vegan", "action_flag": 1, "change_message": "[{\"added\": {}}]"}}, {"model": "admin.logentry", "pk": 103, "fields": {"action_time": "2024-10-17T14:51:20.349Z", "user": 1, "content_type": 35, "object_id": "98", "object_repr": "Hoyt's Sesame Seeds 100g Pescatarian", "action_flag": 1, "change_message": "[{\"added\": {}}]"}}, {"model": "admin.logentry", "pk": 104, "fields": {"action_time": "2024-10-17T14:51:25.570Z", "user": 1, "content_type": 35, "object_id": "99", "object_repr": "Hoyt's Sesame Seeds 100g Gluten-Free", "action_flag": 1, "change_message": "[{\"added\": {}}]"}}, {"model": "admin.logentry", "pk": 105, "fields": {"action_time": "2024-10-17T14:51:35.624Z", "user": 1, "content_type": 35, "object_id": "100", "object_repr": "Hoyt's Sesame Seeds 100g Low-Sodium", "action_flag": 1, "change_message": "[{\"added\": {}}]"}}, {"model": "admin.logentry", "pk": 106, "fields": {"action_time": "2024-10-17T14:51:44.415Z", "user": 1, "content_type": 35, "object_id": "101", "object_repr": "Hoyt's Sesame Seeds 100g Paleo", "action_flag": 1, "change_message": "[{\"added\": {}}]"}}, {"model": "admin.logentry", "pk": 107, "fields": {"action_time": "2024-10-17T14:51:54.413Z", "user": 1, "content_type": 35, "object_id": "102", "object_repr": "Hoyt's Sesame Seeds 100g Dairy-Free", "action_flag": 1, "change_message": "[{\"added\": {}}]"}}, {"model": "admin.logentry", "pk": 108, "fields": {"action_time": "2024-10-17T14:55:06.224Z", "user": 1, "content_type": 19, "object_id": "12", "object_repr": "Special Cancer Egg", "action_flag": 2, "change_message": "[{\"changed\": {\"fields\": [\"Instructions\"]}}]"}}, {"model": "admin.logentry", "pk": 109, "fields": {"action_time": "2024-10-17T14:55:19.490Z", "user": 1, "content_type": 19, "object_id": "12", "object_repr": "Special Cancer Egg", "action_flag": 2, "change_message": "[]"}}, {"model": "admin.logentry", "pk": 110, "fields": {"action_time": "2024-10-17T14:57:30.190Z", "user": 1, "content_type": 31, "object_id": "18", "object_repr": "Sunny Queen 12 Extra Large Free Range Eggs 700g", "action_flag": 2, "change_message": "[{\"changed\": {\"fields\": [\"Description\"]}}]"}}, {"model": "admin.logentry", "pk": 111, "fields": {"action_time": "2024-10-17T15:06:35.894Z", "user": 1, "content_type": 34, "object_id": "4", "object_repr": "Mixed Vegetable Seasonal Mix Frozen 1kg nutrition", "action_flag": 1, "change_message": "[{\"added\": {}}]"}}, {"model": "admin.logentry", "pk": 112, "fields": {"action_time": "2024-10-17T15:08:47.363Z", "user": 1, "content_type": 34, "object_id": "5", "object_repr": "Lee Kum Kee Soy Sauce Premium 500ml nutrition", "action_flag": 1, "change_message": "[{\"added\": {}}]"}}, {"model": "admin.logentry", "pk": 113, "fields": {"action_time": "2024-10-17T15:11:36.447Z", "user": 1, "content_type": 34, "object_id": "6", "object_repr": "Ayam Hoisin Sauce 210ml nutrition", "action_flag": 1, "change_message": "[{\"added\": {}}]"}}, {"model": "admin.logentry", "pk": 114, "fields": {"action_time": "2024-10-17T15:13:33.438Z", "user": 1, "content_type": 34, "object_id": "10", "object_repr": "Jasmine Rice 1kg nutrition", "action_flag": 1, "change_message": "[{\"added\": {}}]"}}, {"model": "admin.logentry", "pk": 115, "fields": {"action_time": "2024-10-17T15:14:44.504Z", "user": 1, "content_type": 34, "object_id": "12", "object_repr": "Pepper Grinder Black Peppercorn 50g nutrition", "action_flag": 1, "change_message": "[{\"added\": {}}]"}}, {"model": "admin.logentry", "pk": 116, "fields": {"action_time": "2024-10-17T15:16:26.757Z", "user": 1, "content_type": 34, "object_id": "14", "object_repr": "Ayam Teriyaki Sauce 210ml nutrition", "action_flag": 1, "change_message": "[{\"added\": {}}]"}}, {"model": "admin.logentry", "pk": 117, "fields": {"action_time": "2024-10-17T15:18:05.557Z", "user": 1, "content_type": 34, "object_id": "15", "object_repr": "Pure Honey Squeeze 400g nutrition", "action_flag": 1, "change_message": "[{\"added\": {}}]"}}, {"model": "admin.logentry", "pk": 118, "fields": {"action_time": "2024-10-17T15:20:35.960Z", "user": 1, "content_type": 34, "object_id": "18", "object_repr": "Sunny Queen 12 Extra Large Free Range Eggs 700g nutrition", "action_flag": 1, "change_message": "[{\"added\": {}}]"}}, {"model": "admin.logentry", "pk": 119, "fields": {"action_time": "2024-10-17T16:30:19.652Z", "user": 1, "content_type": 31, "object_id": "19", "object_repr": "Macro Classic Tofu Regular 300g", "action_flag": 1, "change_message": "[{\"added\": {}}]"}}, {"model": "admin.logentry", "pk": 120, "fields": {"action_time": "2024-10-17T16:38:05.413Z", "user": 1, "content_type": 35, "object_id": "103", "object_repr": "Macro Classic Tofu Regular 300g Vegetarian", "action_flag": 1, "change_message": "[{\"added\": {}}]"}}, {"model": "admin.logentry", "pk": 121, "fields": {"action_time": "2024-10-17T16:38:11.504Z", "user": 1, "content_type": 35, "object_id": "104", "object_repr": "Macro Classic Tofu Regular 300g Vegan", "action_flag": 1, "change_message": "[{\"added\": {}}]"}}, {"model": "admin.logentry", "pk": 122, "fields": {"action_time": "2024-10-17T16:38:19.380Z", "user": 1, "content_type": 35, "object_id": "105", "object_repr": "Macro Classic Tofu Regular 300g Pescatarian", "action_flag": 1, "change_message": "[{\"added\": {}}]"}}, {"model": "admin.logentry", "pk": 123, "fields": {"action_time": "2024-10-17T16:38:25.508Z", "user": 1, "content_type": 35, "object_id": "106", "object_repr": "Macro Classic Tofu Regular 300g Halal", "action_flag": 1, "change_message": "[{\"added\": {}}]"}}, {"model": "admin.logentry", "pk": 124, "fields": {"action_time": "2024-10-17T16:38:32.513Z", "user": 1, "content_type": 35, "object_id": "107", "object_repr": "Macro Classic Tofu Regular 300g Low-Carb", "action_flag": 1, "change_message": "[{\"added\": {}}]"}}, {"model": "admin.logentry", "pk": 125, "fields": {"action_time": "2024-10-17T16:38:42.384Z", "user": 1, "content_type": 35, "object_id": "108", "object_repr": "Macro Classic Tofu Regular 300g Nut-Free", "action_flag": 1, "change_message": "[{\"added\": {}}]"}}, {"model": "admin.logentry", "pk": 126, "fields": {"action_time": "2024-10-17T16:39:50.487Z", "user": 1, "content_type": 34, "object_id": "19", "object_repr": "Macro Classic Tofu Regular 300g nutrition", "action_flag": 1, "change_message": "[{\"added\": {}}]"}}, {"model": "admin.logentry", "pk": 127, "fields": {"action_time": "2024-10-17T16:44:31.218Z", "user": 1, "content_type": 31, "object_id": "20", "object_repr": "Macro Organic Quinoa 500g", "action_flag": 1, "change_message": "[{\"added\": {}}]"}}, {"model": "admin.logentry", "pk": 128, "fields": {"action_time": "2024-10-17T16:46:26.262Z", "user": 1, "content_type": 31, "object_id": "21", "object_repr": "Lebanese Cucumber 500g Pack", "action_flag": 1, "change_message": "[{\"added\": {}}]"}}, {"model": "admin.logentry", "pk": 129, "fields": {"action_time": "2024-10-17T16:47:56.580Z", "user": 1, "content_type": 31, "object_id": "22", "object_repr": "Cherry Tomatoes Punnet 250g", "action_flag": 1, "change_message": "[{\"added\": {}}]"}}, {"model": "admin.logentry", "pk": 130, "fields": {"action_time": "2024-10-17T16:49:17.037Z", "user": 1, "content_type": 31, "object_id": "23", "object_repr": "Red Onions 1kg", "action_flag": 1, "change_message": "[{\"added\": {}}]"}}, {"model": "admin.logentry", "pk": 131, "fields": {"action_time": "2024-10-17T16:51:12.462Z", "user": 1, "content_type": 31, "object_id": "24", "object_repr": "Cumin Ground 30g", "action_flag": 1, "change_message": "[{\"added\": {}}]"}}, {"model": "admin.logentry", "pk": 132, "fields": {"action_time": "2024-10-17T16:52:56.483Z", "user": 1, "content_type": 31, "object_id": "25", "object_repr": "MasterFoods Ground Paprika 115g", "action_flag": 1, "change_message": "[{\"added\": {}}]"}}, {"model": "admin.logentry", "pk": 133, "fields": {"action_time": "2024-10-17T16:55:17.335Z", "user": 1, "content_type": 31, "object_id": "26", "object_repr": "Parsley 15G", "action_flag": 1, "change_message": "[{\"added\": {}}]"}}, {"model": "admin.logentry", "pk": 134, "fields": {"action_time": "2024-10-17T17:00:29.661Z", "user": 1, "content_type": 31, "object_id": "27", "object_repr": "Spanish Extra Virgin Olive Oil 500ml", "action_flag": 1, "change_message": "[{\"added\": {}}]"}}, {"model": "admin.logentry", "pk": 135, "fields": {"action_time": "2024-10-17T17:02:12.366Z", "user": 1, "content_type": 31, "object_id": "28", "object_repr": "Lemon Juice 500ml", "action_flag": 1, "change_message": "[{\"added\": {}}]"}}, {"model": "admin.logentry", "pk": 136, "fields": {"action_time": "2024-10-17T17:02:42.552Z", "user": 1, "content_type": 31, "object_id": "27", "object_repr": "Spanish Extra Virgin Olive Oil 500ml", "action_flag": 2, "change_message": "[{\"changed\": {\"fields\": [\"Unit id\"]}}]"}}, {"model": "admin.logentry", "pk": 137, "fields": {"action_time": "2024-10-17T17:02:49.194Z", "user": 1, "content_type": 31, "object_id": "28", "object_repr": "Lemon Juice 500ml", "action_flag": 2, "change_message": "[{\"changed\": {\"fields\": [\"Unit id\"]}}]"}}, {"model": "admin.logentry", "pk": 138, "fields": {"action_time": "2024-10-17T17:05:24.078Z", "user": 1, "content_type": 31, "object_id": "29", "object_repr": "Minced Garlic 500g", "action_flag": 1, "change_message": "[{\"added\": {}}]"}}, {"model": "admin.logentry", "pk": 139, "fields": {"action_time": "2024-10-17T17:14:59.676Z", "user": 1, "content_type": 31, "object_id": "30", "object_repr": "Green Zucchini Punnet 500g", "action_flag": 1, "change_message": "[{\"added\": {}}]"}}, {"model": "admin.logentry", "pk": 140, "fields": {"action_time": "2024-10-17T17:16:14.694Z", "user": 1, "content_type": 31, "object_id": "31", "object_repr": "Green Basil Fresh Herb 15g Punnet", "action_flag": 1, "change_message": "[{\"added\": {}}]"}}, {"model": "admin.logentry", "pk": 141, "fields": {"action_time": "2024-10-17T17:17:54.839Z", "user": 1, "content_type": 31, "object_id": "32", "object_repr": "Pine Nuts 180g", "action_flag": 1, "change_message": "[{\"added\": {}}]"}}, {"model": "admin.logentry", "pk": 142, "fields": {"action_time": "2024-10-17T17:19:40.724Z", "user": 1, "content_type": 31, "object_id": "33", "object_repr": "Nutritional Yeast Flakes 200g", "action_flag": 1, "change_message": "[{\"added\": {}}]"}}, {"model": "admin.logentry", "pk": 143, "fields": {"action_time": "2024-10-17T17:26:38.279Z", "user": 1, "content_type": 31, "object_id": "34", "object_repr": "Frozen Peeled Shrimp 700g", "action_flag": 1, "change_message": "[{\"added\": {}}]"}}, {"model": "admin.logentry", "pk": 144, "fields": {"action_time": "2024-10-17T17:30:18.006Z", "user": 1, "content_type": 31, "object_id": "35", "object_repr": "Cous Cous 500g", "action_flag": 1, "change_message": "[{\"added\": {}}]"}}, {"model": "admin.logentry", "pk": 145, "fields": {"action_time": "2024-10-17T17:31:43.537Z", "user": 1, "content_type": 31, "object_id": "36", "object_repr": "Lemon Fresh Each", "action_flag": 1, "change_message": "[{\"added\": {}}]"}}, {"model": "admin.logentry", "pk": 146, "fields": {"action_time": "2024-10-17T17:39:00.669Z", "user": 1, "content_type": 31, "object_id": "37", "object_repr": "Red Bell Pepper 220g", "action_flag": 1, "change_message": "[{\"added\": {}}]"}}, {"model": "admin.logentry", "pk": 147, "fields": {"action_time": "2024-10-17T17:40:28.851Z", "user": 1, "content_type": 31, "object_id": "38", "object_repr": "Baby Spinach 280g", "action_flag": 1, "change_message": "[{\"added\": {}}]"}}, {"model": "admin.logentry", "pk": 148, "fields": {"action_time": "2024-10-17T18:12:21.103Z", "user": 1, "content_type": 31, "object_id": "39", "object_repr": "Stir Fry 500g", "action_flag": 1, "change_message": "[{\"added\": {}}]"}}, {"model": "admin.logentry", "pk": 149, "fields": {"action_time": "2024-10-17T18:14:31.351Z", "user": 1, "content_type": 31, "object_id": "40", "object_repr": "Green Bell Pepper 220g", "action_flag": 1, "change_message": "[{\"added\": {}}]"}}, {"model": "admin.logentry", "pk": 150, "fields": {"action_time": "2024-10-17T18:15:43.147Z", "user": 1, "content_type": 31, "object_id": "41", "object_repr": "Coconut Aminos Seasoning 250ml", "action_flag": 1, "change_message": "[{\"added\": {}}]"}}, {"model": "admin.logentry", "pk": 151, "fields": {"action_time": "2024-10-17T18:18:05.222Z", "user": 1, "content_type": 31, "object_id": "39", "object_repr": "Beef Stir Fry 500g", "action_flag": 2, "change_message": "[{\"changed\": {\"fields\": [\"Name\"]}}]"}}, {"model": "admin.logentry", "pk": 152, "fields": {"action_time": "2024-10-17T18:21:40.291Z", "user": 1, "content_type": 19, "object_id": "19", "object_repr": "Vegetable Frittata", "action_flag": 2, "change_message": "[{\"changed\": {\"fields\": [\"Image\"]}}]"}}, {"model": "admin.logentry", "pk": 153, "fields": {"action_time": "2024-10-17T18:21:45.689Z", "user": 1, "content_type": 19, "object_id": "19", "object_repr": "Vegetable Frittata", "action_flag": 2, "change_message": "[{\"changed\": {\"fields\": [\"Image\"]}}]"}}, {"model": "admin.logentry", "pk": 154, "fields": {"action_time": "2024-10-17T18:26:17.777Z", "user": 1, "content_type": 31, "object_id": "42", "object_repr": "Red Split Lentils 500g", "action_flag": 1, "change_message": "[{\"added\": {}}]"}}, {"model": "admin.logentry", "pk": 155, "fields": {"action_time": "2024-10-17T18:28:06.396Z", "user": 1, "content_type": 31, "object_id": "43", "object_repr": "Australian Grown Carrots 1Kg", "action_flag": 1, "change_message": "[{\"added\": {}}]"}}, {"model": "admin.logentry", "pk": 156, "fields": {"action_time": "2024-10-17T18:29:49.493Z", "user": 1, "content_type": 31, "object_id": "44", "object_repr": "Celery Sticks 300g", "action_flag": 1, "change_message": "[{\"added\": {}}]"}}, {"model": "admin.logentry", "pk": 157, "fields": {"action_time": "2024-10-17T18:32:13.179Z", "user": 1, "content_type": 31, "object_id": "45", "object_repr": "Liquid Stock Vegetable 1l", "action_flag": 1, "change_message": "[{\"added\": {}}]"}}, {"model": "admin.logentry", "pk": 158, "fields": {"action_time": "2024-10-17T18:34:08.922Z", "user": 1, "content_type": 31, "object_id": "46", "object_repr": "Coriander Lightly Dried 8g", "action_flag": 1, "change_message": "[{\"added\": {}}]"}}, {"model": "admin.logentry", "pk": 159, "fields": {"action_time": "2024-10-17T18:40:32.693Z", "user": 1, "content_type": 31, "object_id": "47", "object_repr": "Diced Italian Tomatoes 400g", "action_flag": 1, "change_message": "[{\"added\": {}}]"}}, {"model": "admin.logentry", "pk": 160, "fields": {"action_time": "2024-10-17T18:40:43.970Z", "user": 1, "content_type": 31, "object_id": "47", "object_repr": "Diced Italian Tomatoes 400g", "action_flag": 2, "change_message": "[{\"changed\": {\"fields\": [\"Image\"]}}]"}}, {"model": "admin.logentry", "pk": 161, "fields": {"action_time": "2024-10-17T18:41:53.477Z", "user": 1, "content_type": 31, "object_id": "48", "object_repr": "Thyme Fresh Herb 10g", "action_flag": 1, "change_message": "[{\"added\": {}}]"}}, {"model": "sessions.session", "pk": "8iv0tpmv0cs9au1zl40j9mmxlbwk6wmk", "fields": {"session_data": ".eJxVjDsOwjAQBe_iGlnr-Aslfc5g7a5tHECOFCcV4u4QKQW0b2beS0Tc1hq3npc4JXERSpx-N0J-5LaDdMd2myXPbV0mkrsiD9rlOKf8vB7u30HFXr_1kNGdVQlWM0AI6LVNjKyMLcEZsgGYqBQLmj1gYkUEbAavEaxywYj3B-KtN7g:1soLxb:tpqES0F64ehEibYng9wr9olsaRUplz1KiU33KrbFrjc", "expire_date": "2024-09-25T11:56:35.011Z"}}, {"model": "sessions.session", "pk": "e3jd0huf7qsvtivku9b2y11oknq2p41w", "fields": {"session_data": ".eJxVjDsOwjAQBe_iGlnr-Aslfc5g7a5tHECOFCcV4u4QKQW0b2beS0Tc1hq3npc4JXERSpx-N0J-5LaDdMd2myXPbV0mkrsiD9rlOKf8vB7u30HFXr_1kNGdVQlWM0AI6LVNjKyMLcEZsgGYqBQLmj1gYkUEbAavEaxywYj3B-KtN7g:1sxJM9:9uiZsm9pzniWt14JKq0h6ZdqsC4IytfSEB4eoVUjCS4", "expire_date": "2024-10-20T04:58:57.891Z"}}, {"model": "sessions.session", "pk": "hxtf17lq1ift94o63yfza6los67t2n8r", "fields": {"session_data": ".eJxVjDsOwjAQBe_iGlnr-Aslfc5g7a5tHECOFCcV4u4QKQW0b2beS0Tc1hq3npc4JXERSpx-N0J-5LaDdMd2myXPbV0mkrsiD9rlOKf8vB7u30HFXr_1kNGdVQlWM0AI6LVNjKyMLcEZsgGYqBQLmj1gYkUEbAavEaxywYj3B-KtN7g:1szSLg:qatYpMrT6crLlvm517Q8YDqxwyehE3kAdE3-MAESrUY", "expire_date": "2024-10-26T02:59:20.872Z"}}, {"model": "sessions.session", "pk": "kizw2f1t21vvxcm2zwcz18rq6xyali3w", "fields": {"session_data": ".eJxVjDsOwjAQBe_iGlnr-Aslfc5g7a5tHECOFCcV4u4QKQW0b2beS0Tc1hq3npc4JXERSpx-N0J-5LaDdMd2myXPbV0mkrsiD9rlOKf8vB7u30HFXr_1kNGdVQlWM0AI6LVNjKyMLcEZsgGYqBQLmj1gYkUEbAavEaxywYj3B-KtN7g:1sqqwb:IRZ6rxC5ltwY_fLeD-YNlCZuWssJTQE0gIEGuyNxJeA", "expire_date": "2024-10-02T09:25:53.857Z"}}, {"model": "sessions.session", "pk": "ukn1yihyerwwr5cp2d3gthu4dp6coyga", "fields": {"session_data": ".eJxVjDsOwjAQBe_iGlnr-Aslfc5g7a5tHECOFCcV4u4QKQW0b2beS0Tc1hq3npc4JXERSpx-N0J-5LaDdMd2myXPbV0mkrsiD9rlOKf8vB7u30HFXr_1kNGdVQlWM0AI6LVNjKyMLcEZsgGYqBQLmj1gYkUEbAavEaxywYj3B-KtN7g:1st5XC:uVuBDgvH3L6TsrpNFm4qC_mUp5ya_DT_n-ZskGIvTJU", "expire_date": "2024-10-08T13:24:54.532Z"}}, {"model": "user_auth.user", "pk": 1, "fields": {"password": "pbkdf2_sha256$870000$qM7fMvL9uFZAoqnDG81BcH$+QYhIJ/0Ov8tuouezk4Ai/4n4tesWmZQph+C7ddf0Ys=", "last_login": "2024-10-12T02:59:20.871Z", "is_superuser": true, "email": "admin@gmail.com", "first_name": "admin", "last_name": "admin", "is_active": true, "is_staff": true, "role": "client", "image": "", "voucher_credits": "0.00", "gender": null, "groups": [], "user_permissions": [], "dietary_requirements": []}}, {"model": "user_auth.user", "pk": 2, "fields": {"password": "pbkdf2_sha256$870000$SjOYVjgE6aBaEFc27GvCQM$ffyhx2fhdWz1KBUcf8NtCydkQe2u3lodFELK/cYt2jA=", "last_login": null, "is_superuser": false, "email": "mealu@gmail.com", "first_name": "MealU", "last_name": "Official", "is_active": true, "is_staff": true, "role": "warehouse", "image": "images/mealu-logo.png", "voucher_credits": "0.00", "gender": null, "groups": [], "user_permissions": [], "dietary_requirements": []}}, {"model": "user_auth.user", "pk": 3, "fields": {"password": "pbkdf2_sha256$870000$SjOYVjgE6aBaEFc27GvCQM$ffyhx2fhdWz1KBUcf8NtCydkQe2u3lodFELK/cYt2jA=", "last_login": null, "is_superuser": false, "email": "john.doe@gmail.com", "first_name": "John", "last_name": "Doe", "is_active": true, "is_staff": false, "role": "client", "image": "", "voucher_credits": "0.00", "gender": null, "groups": [], "user_permissions": [], "dietary_requirements": []}}, {"model": "user_auth.user", "pk": 4, "fields": {"password": "pbkdf2_sha256$870000$abGuMtrEM6bz2RcRTTKRdk$GuHRCDX91gQEIAWWbwJuwZmX/jE9lAYD2+3lKTCdN7s=", "last_login": null, "is_superuser": false, "email": "client1@gmail.com", "first_name": "Client1", "last_name": "hehe", "is_active": true, "is_staff": false, "role": "client", "image": "", "voucher_credits": "0.00", "gender": null, "groups": [], "user_permissions": [], "dietary_requirements": []}}, {"model": "user_auth.user", "pk": 5, "fields": {"password": "pbkdf2_sha256$870000$SjOYVjgE6aBaEFc27GvCQM$ffyhx2fhdWz1KBUcf8NtCydkQe2u3lodFELK/cYt2jA=", "last_login": null, "is_superuser": false, "email": "courier@gmail.com", "first_name": "Courier", "last_name": "MealU", "is_active": true, "is_staff": false, "role": "courier", "image": "", "voucher_credits": "0.00", "gender": null, "groups": [], "user_permissions": [], "dietary_requirements": []}}, {"model": "community.ingredient", "pk": 1, "fields": {"name": "Chicken Breast", "product_id": 1, "unit_id": 2, "unit_size": "150.00", "price_per_unit": "1.80", "description": "", "stock": 100}}, {"model": "community.ingredient", "pk": 2, "fields": {"name": "Mixed vegetables (e.g., bell peppers, broccoli, carrots)", "product_id": 4, "unit_id": 2, "unit_size": "100.00", "price_per_unit": "0.68", "description": "", "stock": 100}}, {"model": "community.ingredient", "pk": 3, "fields": {"name": "Soy sauce", "product_id": 5, "unit_id": 3, "unit_size": "15.00", "price_per_unit": "0.07", "description": "", "stock": 100}}, {"model": "community.ingredient", "pk": 4, "fields": {"name": "Hoisin Sauce", "product_id": 6, "unit_id": 3, "unit_size": "7.50", "price_per_unit": "0.14", "description": "", "stock": 100}}, {"model": "community.ingredient", "pk": 5, "fields": {"name": "Olive oil", "product_id": 7, "unit_id": 3, "unit_size": "15.00", "price_per_unit": "0.14", "description": "", "stock": 100}}, {"model": "community.ingredient", "pk": 6, "fields": {"name": "Garlic", "product_id": 8, "unit_id": 5, "unit_size": "1.00", "price_per_unit": "0.16", "description": "", "stock": 100}}, {"model": "community.ingredient", "pk": 7, "fields": {"name": "Ginger", "product_id": 9, "unit_id": 2, "unit_size": "5.00", "price_per_unit": "0.13", "description": "", "stock": 100}}, {"model": "community.ingredient", "pk": 8, "fields": {"name": "Jasmine Rice", "product_id": 10, "unit_id": 2, "unit_size": "100.00", "price_per_unit": "0.35", "description": "", "stock": 100}}, {"model": "community.ingredient", "pk": 9, "fields": {"name": "Salt", "product_id": 11, "unit_id": 2, "unit_size": "5.00", "price_per_unit": "0.01", "description": "", "stock": 100}}, {"model": "community.ingredient", "pk": 10, "fields": {"name": "Pepper", "product_id": 12, "unit_id": 2, "unit_size": "5.00", "price_per_unit": "0.01", "description": "", "stock": 100}}, {"model": "community.ingredient", "pk": 11, "fields": {"name": "Salmon", "product_id": 13, "unit_id": 2, "unit_size": "200.00", "price_per_unit": "7.20", "description": "", "stock": 100}}, {"model": "community.ingredient", "pk": 12, "fields": {"name": "Teriyaki sauce", "product_id": 14, "unit_id": 3, "unit_size": "30.00", "price_per_unit": "0.57", "description": "", "stock": 100}}, {"model": "community.ingredient", "pk": 13, "fields": {"name": "Honey", "product_id": 15, "unit_id": 3, "unit_size": "10.00", "price_per_unit": "0.12", "description": "", "stock": 100}}, {"model": "community.ingredient", "pk": 14, "fields": {"name": "Green beans", "product_id": 16, "unit_id": 2, "unit_size": "100.00", "price_per_unit": "0.99", "description": "", "stock": 100}}, {"model": "community.ingredient", "pk": 15, "fields": {"name": "Sesame seed", "product_id": 17, "unit_id": 2, "unit_size": "10.00", "price_per_unit": "0.12", "description": "", "stock": 100}}, {"model": "community.ingredient", "pk": 25, "fields": {"name": "Salmon", "product_id": 13, "unit_id": 2, "unit_size": "200.00", "price_per_unit": "36.00", "description": null, "stock": 100}}, {"model": "community.ingredient", "pk": 26, "fields": {"name": "Salmon", "product_id": 13, "unit_id": 2, "unit_size": "200.00", "price_per_unit": "36.00", "description": null, "stock": 100}}, {"model": "community.ingredient", "pk": 27, "fields": {"name": "2 Egg", "product_id": 18, "unit_id": 2, "unit_size": "120.00", "price_per_unit": "1.28", "description": "Use 2-3 eggs, depend on your preferences", "stock": 100}}, {"model": "community.ingredient", "pk": 28, "fields": {"name": "Jasmine Rice", "product_id": 10, "unit_id": 2, "unit_size": "100.00", "price_per_unit": "3.50", "description": null, "stock": 100}}, {"model": "community.ingredient", "pk": 29, "fields": {"name": "2 Egg", "product_id": 18, "unit_id": 2, "unit_size": "120.00", "price_per_unit": "1.28", "description": "Use 2-3 eggs, depend on your preferences", "stock": 100}}, {"model": "community.ingredient", "pk": 30, "fields": {"name": "Jasmine Rice", "product_id": 10, "unit_id": 2, "unit_size": "100.00", "price_per_unit": "3.50", "description": null, "stock": 100}}, {"model": "community.ingredient", "pk": 31, "fields": {"name": "2 Egg", "product_id": 18, "unit_id": 2, "unit_size": "120.00", "price_per_unit": "1.28", "description": "Use 2-3 eggs, depend on your preferences", "stock": 100}}, {"model": "community.ingredient", "pk": 32, "fields": {"name": "Jasmine Rice", "product_id": 10, "unit_id": 2, "unit_size": "100.00", "price_per_unit": "3.50", "description": null, "stock": 100}}, {"model": "community.ingredient", "pk": 33, "fields": {"name": "2 Egg", "product_id": 18, "unit_id": 2, "unit_size": "120.00", "price_per_unit": "1.28", "description": "Use 2-3 eggs, depend on your preferences", "stock": 100}}, {"model": "community.ingredient", "pk": 34, "fields": {"name": "Jasmine Rice", "product_id": 10, "unit_id": 2, "unit_size": "100.00", "price_per_unit": "3.50", "description": null, "stock": 100}}, {"model": "community.ingredient", "pk": 35, "fields": {"name": "2 Egg", "product_id": 18, "unit_id": 2, "unit_size": "120.00", "price_per_unit": "1.28", "description": "Use 2-3 eggs, depend on your preferences", "stock": 100}}, {"model": "community.ingredient", "pk": 36, "fields": {"name": "Jasmine Rice", "product_id": 10, "unit_id": 2, "unit_size": "100.00", "price_per_unit": "3.50", "description": null, "stock": 100}}, {"model": "community.ingredient", "pk": 37, "fields": {"name": "Chicken Thigh Fillet Min. 1Kg", "product_id": 2, "unit_id": 1, "unit_size": "0.50", "price_per_unit": "7.25", "description": "RSPCA Approved Chicken", "stock": 100}}, {"model": "community.ingredient", "pk": 38, "fields": {"name": "Ayam Teriyaki Sauce 210ml", "product_id": 14, "unit_id": 3, "unit_size": "50.00", "price_per_unit": "0.95", "description": "Mild and sweet with a slight hint of ginger, use as a marinade for meat or fish for grills, roasts, and barbecues.", "stock": 100}}, {"model": "community.ingredient", "pk": 39, "fields": {"name": "Jasmine Rice 1kg", "product_id": 10, "unit_id": 1, "unit_size": "0.20", "price_per_unit": "0.70", "description": "Product of Thailand", "stock": 100}}, {"model": "community.ingredient", "pk": 40, "fields": {"name": "Ginger Fresh Per Kg", "product_id": 9, "unit_id": 1, "unit_size": "0.01", "price_per_unit": "0.27", "description": "Ginger Fresh Per Kg", "stock": 100}}, {"model": "community.ingredient", "pk": 41, "fields": {"name": "Garlic Head Each", "product_id": 8, "unit_id": 4, "unit_size": "1.00", "price_per_unit": "1.65", "description": "Bulb made up of segments called cloves, covered by a papery shell. The most common varieties of garlic contain 10 cloves (or segments) with white skin. Other varieties have pink or purple skin and larger cloves. As a rule, the smaller the clove, the stronger the taste. \r\nIt is a member of the allium family that also includes onions, chives, shallots, spring onions and leeks.\r\n\r\nWhat to look for\r\nLook for firm well-shaped cloves. Buy in small amounts and break off the cloves only when needed. Garlic dries out once detached. bulb of garlic has had its roots trimmed, one at a time. Garlic is never labelled since it sheds its skin if a label is applied to it.\r\n\r\nAvailability\r\nAll year.\r\n\r\nStore\r\nKeep in a cool dry place away from the sunlight. Avoid placing in plastic bags, or storing in the refrigerator or everything in the refrigerator will end up tasting of garlic. Avoid storing next to ginger as ginger dehydrates garlic.\r\n\r\nHow to prepare\r\nSeparate cloves from bulbs, remove papery skin unless roasting when skin can be left on. Cut bulbs in half crosswise and brush with oil to roast. To remove skin, press the clove under the flat side of a knife and the skin will come off easily. Chop the garlic very finely or crush it with the side of a knife. Alternatively, use a garlic crusher.\r\n\r\nWays to eat\r\nGarlic can be eaten raw or cooked. Raw garlic produces a strong, pungent flavour while cooking gives a more mellow flavour. The longer garlic is cooked, the milder and sweeter the flavour. It's usually used in small amounts, 2-3 cloves to a dish. Garlic burns easily, so take care when frying or sauteing. It can be used in vegetable dishes, meats, soups, dips, stir fries, braises and stews. Add whole unpeeled cloves into a roasting pan with meat or vegetables. Cut a whole head in half horizontally and roast in a little olive oil. When cooked, serve as it is, or squeeze the roasted flesh out and serve on crostini or fresh bread.\r\n\r\nCooking Methods\r\nRoast, braise, stew, stir fry.", "stock": 100}}, {"model": "community.ingredient", "pk": 42, "fields": {"name": "Mixed Vegetable Seasonal Mix Frozen 1kg", "product_id": 4, "unit_id": 1, "unit_size": "0.20", "price_per_unit": "1.36", "description": "Carrots, broccoli, beans, cauliflower, capsicum.", "stock": 100}}, {"model": "community.ingredient", "pk": 43, "fields": {"name": "Jasmine Rice 1kg", "product_id": 10, "unit_id": 1, "unit_size": "0.20", "price_per_unit": "0.70", "description": "Product of Thailand", "stock": 100}}, {"model": "community.ingredient", "pk": 44, "fields": {"name": "Mixed Vegetable Seasonal Mix Frozen 1kg", "product_id": 4, "unit_id": 1, "unit_size": "0.20", "price_per_unit": "1.36", "description": "Carrots, broccoli, beans, cauliflower, capsicum.", "stock": 100}}, {"model": "community.ingredient", "pk": 45, "fields": {"name": "Macro Classic Tofu Regular 300g", "product_id": 19, "unit_id": 2, "unit_size": "200.00", "price_per_unit": "1.54", "description": "-", "stock": 100}}, {"model": "community.ingredient", "pk": 46, "fields": {"name": "Ayam Hoisin Sauce 210ml", "product_id": 6, "unit_id": 3, "unit_size": "51.00", "price_per_unit": "0.97", "description": "Sweet and tangy, ideal as a marinade for meat, as a dipping sauce for spring rolls or dumplings, or use in stir fries.", "stock": 100}}, {"model": "community.ingredient", "pk": 47, "fields": {"name": "Ginger Fresh Per Kg", "product_id": 9, "unit_id": 1, "unit_size": "0.01", "price_per_unit": "0.27", "description": "Ginger Fresh Per Kg", "stock": 100}}, {"model": "community.ingredient", "pk": 48, "fields": {"name": "Garlic Head Each", "product_id": 8, "unit_id": 4, "unit_size": "1.00", "price_per_unit": "1.65", "description": "Bulb made up of segments called cloves, covered by a papery shell. The most common varieties of garlic contain 10 cloves (or segments) with white skin. Other varieties have pink or purple skin and larger cloves. As a rule, the smaller the clove, the stronger the taste. \r\nIt is a member of the allium family that also includes onions, chives, shallots, spring onions and leeks.\r\n\r\nWhat to look for\r\nLook for firm well-shaped cloves. Buy in small amounts and break off the cloves only when needed. Garlic dries out once detached. bulb of garlic has had its roots trimmed, one at a time. Garlic is never labelled since it sheds its skin if a label is applied to it.\r\n\r\nAvailability\r\nAll year.\r\n\r\nStore\r\nKeep in a cool dry place away from the sunlight. Avoid placing in plastic bags, or storing in the refrigerator or everything in the refrigerator will end up tasting of garlic. Avoid storing next to ginger as ginger dehydrates garlic.\r\n\r\nHow to prepare\r\nSeparate cloves from bulbs, remove papery skin unless roasting when skin can be left on. Cut bulbs in half crosswise and brush with oil to roast. To remove skin, press the clove under the flat side of a knife and the skin will come off easily. Chop the garlic very finely or crush it with the side of a knife. Alternatively, use a garlic crusher.\r\n\r\nWays to eat\r\nGarlic can be eaten raw or cooked. Raw garlic produces a strong, pungent flavour while cooking gives a more mellow flavour. The longer garlic is cooked, the milder and sweeter the flavour. It's usually used in small amounts, 2-3 cloves to a dish. Garlic burns easily, so take care when frying or sauteing. It can be used in vegetable dishes, meats, soups, dips, stir fries, braises and stews. Add whole unpeeled cloves into a roasting pan with meat or vegetables. Cut a whole head in half horizontally and roast in a little olive oil. When cooked, serve as it is, or squeeze the roasted flesh out and serve on crostini or fresh bread.\r\n\r\nCooking Methods\r\nRoast, braise, stew, stir fry.", "stock": 100}}, {"model": "community.ingredient", "pk": 49, "fields": {"name": "Ohlio Canola Oil & Moro Extra Virgin Olive Oil Blend 1l", "product_id": 7, "unit_id": 3, "unit_size": "30.00", "price_per_unit": "0.29", "description": "Product of Spain", "stock": 100}}, {"model": "community.ingredient", "pk": 50, "fields": {"name": "Hoyt's Sesame Seeds 100g", "product_id": 17, "unit_id": 2, "unit_size": "10.00", "price_per_unit": "0.30", "description": "Hoyt's 100% Australian family owned company.\r\n\r\nTastes similar to roasted almonds.\r\n\r\nPacked in Australia from Imported Product", "stock": 100}}, {"model": "community.ingredient", "pk": 51, "fields": {"name": "Salmon Tasmanian Atlantic Fillets Skin On Per Kg", "product_id": 13, "unit_id": 1, "unit_size": "0.30", "price_per_unit": "10.80", "description": "Salmon Tasmanian Atlantic Fillets Skin On Per Kg", "stock": 100}}, {"model": "community.ingredient", "pk": 52, "fields": {"name": "Pure Honey Squeeze 400g", "product_id": 15, "unit_id": 2, "unit_size": "200.00", "price_per_unit": "2.36", "description": "This richly flavoured honey has been sourced from select international honeys and then expertly blended with delicious, delicate Australian honey. Enjoy it as a sweetener on cereals, in your favourite drinks or spread on toast. This pure honey will naturally crystallise over time. This has no effect on the honey other than to change its colour and texture. If crystallisation does occur, simply stand the bottle in hot water to clear.", "stock": 100}}, {"model": "community.ingredient", "pk": 53, "fields": {"name": "Jasmine Rice 1kg", "product_id": 10, "unit_id": 1, "unit_size": "0.20", "price_per_unit": "0.70", "description": "Product of Thailand", "stock": 100}}, {"model": "community.ingredient", "pk": 54, "fields": {"name": "Mixed Vegetable Seasonal Mix Frozen 1kg", "product_id": 4, "unit_id": 1, "unit_size": "0.20", "price_per_unit": "1.36", "description": "Carrots, broccoli, beans, cauliflower, capsicum.", "stock": 100}}, {"model": "community.ingredient", "pk": 55, "fields": {"name": "Garlic Head Each", "product_id": 8, "unit_id": 4, "unit_size": "1.00", "price_per_unit": "1.65", "description": "Bulb made up of segments called cloves, covered by a papery shell. The most common varieties of garlic contain 10 cloves (or segments) with white skin. Other varieties have pink or purple skin and larger cloves. As a rule, the smaller the clove, the stronger the taste. \r\nIt is a member of the allium family that also includes onions, chives, shallots, spring onions and leeks.\r\n\r\nWhat to look for\r\nLook for firm well-shaped cloves. Buy in small amounts and break off the cloves only when needed. Garlic dries out once detached. bulb of garlic has had its roots trimmed, one at a time. Garlic is never labelled since it sheds its skin if a label is applied to it.\r\n\r\nAvailability\r\nAll year.\r\n\r\nStore\r\nKeep in a cool dry place away from the sunlight. Avoid placing in plastic bags, or storing in the refrigerator or everything in the refrigerator will end up tasting of garlic. Avoid storing next to ginger as ginger dehydrates garlic.\r\n\r\nHow to prepare\r\nSeparate cloves from bulbs, remove papery skin unless roasting when skin can be left on. Cut bulbs in half crosswise and brush with oil to roast. To remove skin, press the clove under the flat side of a knife and the skin will come off easily. Chop the garlic very finely or crush it with the side of a knife. Alternatively, use a garlic crusher.\r\n\r\nWays to eat\r\nGarlic can be eaten raw or cooked. Raw garlic produces a strong, pungent flavour while cooking gives a more mellow flavour. The longer garlic is cooked, the milder and sweeter the flavour. It's usually used in small amounts, 2-3 cloves to a dish. Garlic burns easily, so take care when frying or sauteing. It can be used in vegetable dishes, meats, soups, dips, stir fries, braises and stews. Add whole unpeeled cloves into a roasting pan with meat or vegetables. Cut a whole head in half horizontally and roast in a little olive oil. When cooked, serve as it is, or squeeze the roasted flesh out and serve on crostini or fresh bread.\r\n\r\nCooking Methods\r\nRoast, braise, stew, stir fry.", "stock": 100}}, {"model": "community.ingredient", "pk": 56, "fields": {"name": "Ohlio Canola Oil & Moro Extra Virgin Olive Oil Blend 1l", "product_id": 7, "unit_id": 3, "unit_size": "15.00", "price_per_unit": "0.14", "description": "Product of Spain", "stock": 100}}, {"model": "community.ingredient", "pk": 57, "fields": {"name": "Iodised Table Salt Drum 500g", "product_id": 11, "unit_id": 2, "unit_size": "5.00", "price_per_unit": "0.02", "description": "Homebrand Iodised Table Salt", "stock": 100}}, {"model": "community.ingredient", "pk": 58, "fields": {"name": "Pepper Grinder Black Peppercorn 50g", "product_id": 12, "unit_id": 2, "unit_size": "5.00", "price_per_unit": "0.34", "description": "Black Peppercorn Grinder", "stock": 100}}, {"model": "community.ingredient", "pk": 59, "fields": {"name": "Chicken Thigh Fillet Min. 1Kg", "product_id": 2, "unit_id": 1, "unit_size": "0.40", "price_per_unit": "5.80", "description": "RSPCA Approved Chicken", "stock": 100}}, {"model": "community.ingredient", "pk": 60, "fields": {"name": "Macro Organic Quinoa 500g", "product_id": 20, "unit_id": 2, "unit_size": "100.00", "price_per_unit": "1.32", "description": "Organic White Quinoa", "stock": 100}}, {"model": "community.ingredient", "pk": 61, "fields": {"name": "Lebanese Cucumber 500g Pack", "product_id": 21, "unit_id": 2, "unit_size": "100.00", "price_per_unit": "0.78", "description": "Veg a day: 1/2 cup = 1 serve of vegetables (1) (1) One serve of vegetables is approximately 75g. Australian Dietary Guidelines recommend 5 serves of vegetables per day.", "stock": 100}}, {"model": "community.ingredient", "pk": 62, "fields": {"name": "Cherry Tomatoes Punnet 250g", "product_id": 22, "unit_id": 2, "unit_size": "100.00", "price_per_unit": "1.28", "description": "Cherry tomatoes", "stock": 100}}, {"model": "community.ingredient", "pk": 63, "fields": {"name": "Red Onions 1kg", "product_id": 23, "unit_id": 2, "unit_size": "50.00", "price_per_unit": "0.25", "description": "Red onions have burgundy red skins and red tinged flesh. Spanish type\r\nred onions are large and round, while Californian red onions tend to be flatter\r\nand milder. They are mild, sweet and juicy and are delicious eaten raw in salads,\r\nused as a garnish or added to sandwiches.", "stock": 100}}, {"model": "community.ingredient", "pk": 64, "fields": {"name": "Spanish Extra Virgin Olive Oil 500ml", "product_id": 27, "unit_id": 3, "unit_size": "50.00", "price_per_unit": "1.00", "description": "Extra Virgin Olive Oil", "stock": 100}}, {"model": "community.ingredient", "pk": 65, "fields": {"name": "Lemon Juice 500ml", "product_id": 28, "unit_id": 3, "unit_size": "30.00", "price_per_unit": "0.10", "description": "Reconstituted Lemon Juice (99.9%), Acidity Regulator (Ascorbic Acid), Natural Flavour, Preservative (223) (Sulphites)", "stock": 100}}, {"model": "community.ingredient", "pk": 66, "fields": {"name": "Minced Garlic 500g", "product_id": 29, "unit_id": 2, "unit_size": "10.00", "price_per_unit": "0.05", "description": "Minced garlic", "stock": 100}}, {"model": "community.ingredient", "pk": 67, "fields": {"name": "Cumin Ground 30g", "product_id": 24, "unit_id": 2, "unit_size": "5.00", "price_per_unit": "0.23", "description": "Cumin", "stock": 100}}, {"model": "community.ingredient", "pk": 68, "fields": {"name": "MasterFoods Ground Paprika 115g", "product_id": 25, "unit_id": 2, "unit_size": "5.00", "price_per_unit": "0.28", "description": "A warm spice with slight notes of woody capsicum. Add a sprinkle over a creamy beef stroganoff or roast chicken.", "stock": 100}}, {"model": "community.ingredient", "pk": 69, "fields": {"name": "Iodised Table Salt Drum 500g", "product_id": 11, "unit_id": 2, "unit_size": "5.00", "price_per_unit": "0.02", "description": "Homebrand Iodised Table Salt", "stock": 100}}, {"model": "community.ingredient", "pk": 70, "fields": {"name": "Pepper Grinder Black Peppercorn 50g", "product_id": 12, "unit_id": 2, "unit_size": "2.00", "price_per_unit": "0.14", "description": "Black Peppercorn Grinder", "stock": 100}}, {"model": "community.ingredient", "pk": 71, "fields": {"name": "Parsley 15G", "product_id": 26, "unit_id": 2, "unit_size": "10.00", "price_per_unit": "1.20", "description": "Parsley", "stock": 100}}, {"model": "community.ingredient", "pk": 72, "fields": {"name": "Green Zucchini Punnet 500g", "product_id": 30, "unit_id": 2, "unit_size": "400.00", "price_per_unit": "3.92", "description": "Our fresh Australian Organic Zucchini is lovingly grown and packed by Coolibah Herbs - a proud family-run enterprise. Produced through organic and sustainable farming practices, our certified organic zucchinis are reassuringly free from synthetic chemicals such as pesticides, herbicides and GM ingredients.", "stock": 100}}, {"model": "community.ingredient", "pk": 73, "fields": {"name": "Green Basil Fresh Herb 15g Punnet", "product_id": 31, "unit_id": 2, "unit_size": "30.00", "price_per_unit": "6.40", "description": "Fresh basil", "stock": 100}}, {"model": "community.ingredient", "pk": 74, "fields": {"name": "Pine Nuts 180g", "product_id": 32, "unit_id": 2, "unit_size": "30.00", "price_per_unit": "1.46", "description": "These natural pine nuts with no added salt are perfect for whipping up a home made pesto or simply toasted and tossed into your favourite salad.  Source of Iron, Manganese and Zinc.  Whip up a zesty pesto or toss into a salad.  No artificial colours, flavours or preservatives.", "stock": 100}}, {"model": "community.ingredient", "pk": 75, "fields": {"name": "Minced Garlic 500g", "product_id": 29, "unit_id": 2, "unit_size": "5.00", "price_per_unit": "0.02", "description": "Minced garlic", "stock": 100}}, {"model": "community.ingredient", "pk": 76, "fields": {"name": "Spanish Extra Virgin Olive Oil 500ml", "product_id": 27, "unit_id": 3, "unit_size": "50.00", "price_per_unit": "1.00", "description": "Extra Virgin Olive Oil", "stock": 100}}, {"model": "community.ingredient", "pk": 77, "fields": {"name": "Nutritional Yeast Flakes 200g", "product_id": 33, "unit_id": 2, "unit_size": "10.00", "price_per_unit": "0.40", "description": "100% vegan and dairy free, Macro Nutritional Yeast Flakes are a perfect vegan substitute for dishes where cheese is required. Containing immune-building vitamin B12 and B vitamins for energy, our nutritional yeast flakes are free from artificial colours, flavours and preservatives.", "stock": 100}}, {"model": "community.ingredient", "pk": 78, "fields": {"name": "Iodised Table Salt Drum 500g", "product_id": 11, "unit_id": 2, "unit_size": "5.00", "price_per_unit": "0.02", "description": "Homebrand Iodised Table Salt", "stock": 100}}, {"model": "community.ingredient", "pk": 79, "fields": {"name": "Pepper Grinder Black Peppercorn 50g", "product_id": 12, "unit_id": 2, "unit_size": "2.00", "price_per_unit": "0.14", "description": "Black Peppercorn Grinder", "stock": 100}}, {"model": "community.ingredient", "pk": 80, "fields": {"name": "Frozen Peeled Shrimp 700g", "product_id": 34, "unit_id": 2, "unit_size": "300.00", "price_per_unit": "7.68", "description": "Frozen peeled shrimp", "stock": 100}}, {"model": "community.ingredient", "pk": 81, "fields": {"name": "Cous Cous 500g", "product_id": 35, "unit_id": 2, "unit_size": "100.00", "price_per_unit": "0.40", "description": "Contains Durum Wheat Semolina", "stock": 100}}, {"model": "community.ingredient", "pk": 82, "fields": {"name": "Lemon Fresh Each", "product_id": 36, "unit_id": 4, "unit_size": "1.00", "price_per_unit": "1.21", "description": "Fresh Lemons", "stock": 100}}, {"model": "community.ingredient", "pk": 83, "fields": {"name": "Minced Garlic 500g", "product_id": 29, "unit_id": 2, "unit_size": "10.00", "price_per_unit": "0.05", "description": "Minced garlic", "stock": 100}}, {"model": "community.ingredient", "pk": 84, "fields": {"name": "Spanish Extra Virgin Olive Oil 500ml", "product_id": 27, "unit_id": 3, "unit_size": "30.00", "price_per_unit": "0.60", "description": "Extra Virgin Olive Oil", "stock": 100}}, {"model": "community.ingredient", "pk": 85, "fields": {"name": "Parsley 15G", "product_id": 26, "unit_id": 2, "unit_size": "10.00", "price_per_unit": "1.20", "description": "Parsley", "stock": 100}}, {"model": "community.ingredient", "pk": 86, "fields": {"name": "Iodised Table Salt Drum 500g", "product_id": 11, "unit_id": 2, "unit_size": "5.00", "price_per_unit": "0.02", "description": "Homebrand Iodised Table Salt", "stock": 100}}, {"model": "community.ingredient", "pk": 87, "fields": {"name": "Pepper Grinder Black Peppercorn 50g", "product_id": 12, "unit_id": 2, "unit_size": "2.00", "price_per_unit": "0.14", "description": "Black Peppercorn Grinder", "stock": 100}}, {"model": "community.ingredient", "pk": 88, "fields": {"name": "Sunny Queen 12 Extra Large Free Range Eggs 700g", "product_id": 18, "unit_id": 2, "unit_size": "200.00", "price_per_unit": "2.14", "description": "Our smiley Free Range eggs are laid by happy country hens on farms with a maximum outdoor density of 1500 hens per hectare. That's over 6 times more space than the Australian National Free Range Standard Limit and lots of room to roam, peck and play with their friends during the day! At night they sleep inside where they are safe from other animals and harsh weather. Our farms are independently audited, so you can feel confident that the hens laying your eggs are well cared for, and only the best quality golden-yolked Free Range eggs make it to your table to Make Every Day Sunny! All our eggs come in 100% biodegradable and compostable egg cartons. We're proudly farmed by Aussie families with over 50 years of eggs-perience delivering nutritious food from our farms to your table.", "stock": 100}}, {"model": "community.ingredient", "pk": 89, "fields": {"name": "Red Bell Pepper 220g", "product_id": 37, "unit_id": 2, "unit_size": "100.00", "price_per_unit": "0.89", "description": "The colour of a capsicum is indicative of when it was harvested with the stages of ripeness transcending from green, yellow, orange through to red. All are edible however the colours also indicate the levels of sweetness and as red capsicums are the most mature, they are the sweetest and contain the most Vitamin C. Due to their almost fruity sweet flavour, this is the best to eat fresh or pack in kids lunchboxes.", "stock": 100}}, {"model": "community.ingredient", "pk": 90, "fields": {"name": "Baby Spinach 280g", "product_id": 38, "unit_id": 2, "unit_size": "100.00", "price_per_unit": "1.79", "description": "Spinach", "stock": 100}}, {"model": "community.ingredient", "pk": 91, "fields": {"name": "Red Onions 1kg", "product_id": 23, "unit_id": 2, "unit_size": "50.00", "price_per_unit": "0.25", "description": "Red onions have burgundy red skins and red tinged flesh. Spanish type\r\nred onions are large and round, while Californian red onions tend to be flatter\r\nand milder. They are mild, sweet and juicy and are delicious eaten raw in salads,\r\nused as a garnish or added to sandwiches.", "stock": 100}}, {"model": "community.ingredient", "pk": 92, "fields": {"name": "Spanish Extra Virgin Olive Oil 500ml", "product_id": 27, "unit_id": 3, "unit_size": "30.00", "price_per_unit": "0.60", "description": "Extra Virgin Olive Oil", "stock": 100}}, {"model": "community.ingredient", "pk": 93, "fields": {"name": "Iodised Table Salt Drum 500g", "product_id": 11, "unit_id": 2, "unit_size": "5.00", "price_per_unit": "0.02", "description": "Homebrand Iodised Table Salt", "stock": 100}}, {"model": "community.ingredient", "pk": 94, "fields": {"name": "Pepper Grinder Black Peppercorn 50g", "product_id": 12, "unit_id": 2, "unit_size": "2.00", "price_per_unit": "0.14", "description": "Black Peppercorn Grinder", "stock": 100}}, {"model": "community.ingredient", "pk": 95, "fields": {"name": "Nutritional Yeast Flakes 200g", "product_id": 33, "unit_id": 2, "unit_size": "10.00", "price_per_unit": "0.40", "description": "100% vegan and dairy free, Macro Nutritional Yeast Flakes are a perfect vegan substitute for dishes where cheese is required. Containing immune-building vitamin B12 and B vitamins for energy, our nutritional yeast flakes are free from artificial colours, flavours and preservatives.", "stock": 100}}, {"model": "community.ingredient", "pk": 96, "fields": {"name": "Beef Stir Fry 500g", "product_id": 39, "unit_id": 2, "unit_size": "300.00", "price_per_unit": "6.90", "description": "Featuring tender strips of 100% Australian beef selected for quality, Woolworths Extra Lean Beef Stir Fry strips are ideal for creating delicious family meals. Containing less than 1% saturated fat, Woolworths Extra Lean Beef Stir Fry strips can be enjoyed as part of a healthy, balanced diet.", "stock": 100}}, {"model": "community.ingredient", "pk": 97, "fields": {"name": "Red Onions 1kg", "product_id": 23, "unit_id": 2, "unit_size": "50.00", "price_per_unit": "0.25", "description": "Red onions have burgundy red skins and red tinged flesh. Spanish type\r\nred onions are large and round, while Californian red onions tend to be flatter\r\nand milder. They are mild, sweet and juicy and are delicious eaten raw in salads,\r\nused as a garnish or added to sandwiches.", "stock": 100}}, {"model": "community.ingredient", "pk": 98, "fields": {"name": "Green Bell Pepper 220g", "product_id": 40, "unit_id": 2, "unit_size": "100.00", "price_per_unit": "0.79", "description": "The colour of a capsicum is indicative of when it was harvested with the stages of ripeness transcending from green, yellow, orange through to red. All are edible however the colours also indicate the levels of sweetness and as red capsicums are the most mature, they are the sweetest and contain the most Vitamin C. Due to their almost fruity sweet flavour, this is the best to eat fresh or pack in kids lunchboxes.", "stock": 100}}, {"model": "community.ingredient", "pk": 99, "fields": {"name": "Red Bell Pepper 220g", "product_id": 37, "unit_id": 2, "unit_size": "100.00", "price_per_unit": "0.89", "description": "The colour of a capsicum is indicative of when it was harvested with the stages of ripeness transcending from green, yellow, orange through to red. All are edible however the colours also indicate the levels of sweetness and as red capsicums are the most mature, they are the sweetest and contain the most Vitamin C. Due to their almost fruity sweet flavour, this is the best to eat fresh or pack in kids lunchboxes.", "stock": 100}}, {"model": "community.ingredient", "pk": 100, "fields": {"name": "Minced Garlic 500g", "product_id": 29, "unit_id": 2, "unit_size": "10.00", "price_per_unit": "0.05", "description": "Minced garlic", "stock": 100}}, {"model": "community.ingredient", "pk": 101, "fields": {"name": "Coconut Aminos Seasoning 250ml", "product_id": 41, "unit_id": 3, "unit_size": "30.00", "price_per_unit": "1.08", "description": "At Ceres Organics we like to keep things pure and wholesome. So our Coconut Aminos Seasoning is made from the sap of organic coconut flowers, naturally fermented with organic herbs and spices to produce a natural umami flavour. Its straight up goodness! It makes a nutritious, paleo friendly alternative to soy sauce for use in dressings and marinades, or as a simple dipping sauce.", "stock": 100}}, {"model": "community.ingredient", "pk": 102, "fields": {"name": "Spanish Extra Virgin Olive Oil 500ml", "product_id": 27, "unit_id": 3, "unit_size": "30.00", "price_per_unit": "0.60", "description": "Extra Virgin Olive Oil", "stock": 100}}, {"model": "community.ingredient", "pk": 103, "fields": {"name": "Pepper Grinder Black Peppercorn 50g", "product_id": 12, "unit_id": 2, "unit_size": "2.00", "price_per_unit": "0.14", "description": "Black Peppercorn Grinder", "stock": 100}}, {"model": "community.ingredient", "pk": 104, "fields": {"name": "Iodised Table Salt Drum 500g", "product_id": 11, "unit_id": 2, "unit_size": "5.00", "price_per_unit": "0.02", "description": "Homebrand Iodised Table Salt", "stock": 100}}, {"model": "community.ingredient", "pk": 105, "fields": {"name": "Red Split Lentils 500g", "product_id": 42, "unit_id": 2, "unit_size": "150.00", "price_per_unit": "0.66", "description": "Red lentils", "stock": 100}}, {"model": "community.ingredient", "pk": 106, "fields": {"name": "Australian Grown Carrots 1Kg", "product_id": 43, "unit_id": 2, "unit_size": "100.00", "price_per_unit": "0.17", "description": "Australian grown carrots", "stock": 100}}, {"model": "community.ingredient", "pk": 107, "fields": {"name": "Celery Sticks 300g", "product_id": 44, "unit_id": 2, "unit_size": "100.00", "price_per_unit": "1.50", "description": "Celery Sticks", "stock": 100}}, {"model": "community.ingredient", "pk": 108, "fields": {"name": "Red Onions 1kg", "product_id": 23, "unit_id": 2, "unit_size": "50.00", "price_per_unit": "0.25", "description": "Red onions have burgundy red skins and red tinged flesh. Spanish type\r\nred onions are large and round, while Californian red onions tend to be flatter\r\nand milder. They are mild, sweet and juicy and are delicious eaten raw in salads,\r\nused as a garnish or added to sandwiches.", "stock": 100}}, {"model": "community.ingredient", "pk": 109, "fields": {"name": "Minced Garlic 500g", "product_id": 29, "unit_id": 2, "unit_size": "10.00", "price_per_unit": "0.05", "description": "Minced garlic", "stock": 100}}, {"model": "community.ingredient", "pk": 110, "fields": {"name": "Liquid Stock Vegetable 1l", "product_id": 45, "unit_id": 3, "unit_size": "600.00", "price_per_unit": "1.92", "description": "The ultimate in convenience and fresh flavour including all the health benefits you expect from Massel Created for busy people who love cooking great tasting home cooked food. The finest quality ingredients are the key to Massels delicious taste. We only use premium vegetables and herbs, and pure sea salt from our Great Southern Ocean, the cleanest ocean in the world. Massels growing popularity worldwide is due to our combination of fantastic flavours with great health benefits, including being one of the only gluten-free stocks with no added MSG on the market", "stock": 100}}, {"model": "community.ingredient", "pk": 111, "fields": {"name": "Diced Italian Tomatoes 400g", "product_id": 47, "unit_id": 2, "unit_size": "200.00", "price_per_unit": "0.56", "description": "Diced Italian Tomatoes", "stock": 100}}, {"model": "community.ingredient", "pk": 112, "fields": {"name": "Spanish Extra Virgin Olive Oil 500ml", "product_id": 27, "unit_id": 3, "unit_size": "30.00", "price_per_unit": "0.60", "description": "Extra Virgin Olive Oil", "stock": 100}}, {"model": "community.ingredient", "pk": 113, "fields": {"name": "Cumin Ground 30g", "product_id": 24, "unit_id": 2, "unit_size": "5.00", "price_per_unit": "0.23", "description": "Cumin", "stock": 100}}, {"model": "community.ingredient", "pk": 114, "fields": {"name": "Thyme Fresh Herb 10g", "product_id": 48, "unit_id": 2, "unit_size": "5.00", "price_per_unit": "1.60", "description": "Thyme", "stock": 100}}, {"model": "community.ingredient", "pk": 115, "fields": {"name": "Iodised Table Salt Drum 500g", "product_id": 11, "unit_id": 2, "unit_size": "5.00", "price_per_unit": "0.02", "description": "Homebrand Iodised Table Salt", "stock": 100}}, {"model": "community.ingredient", "pk": 116, "fields": {"name": "Pepper Grinder Black Peppercorn 50g", "product_id": 12, "unit_id": 2, "unit_size": "2.00", "price_per_unit": "0.14", "description": "Black Peppercorn Grinder", "stock": 100}}, {"model": "community.mealtype", "pk": 1, "fields": {"name": "Lunch"}}, {"model": "community.mealtype", "pk": 2, "fields": {"name": "Breakfast"}}, {"model": "community.mealtype", "pk": 3, "fields": {"name": "Dinner"}}, {"model": "community.mealtype", "pk": 4, "fields": {"name": "Snack"}}, {"model": "community.recipe", "pk": 1, "fields": {"creator": 2, "name": "Chicken and Vegetable Stir-Fry with Rice", "description": "This Chicken and Vegetable Stir-Fry is a quick and nutritious meal perfect for bulking. Tender chicken breast is stir-fried with a colorful mix of vegetables and coated in a savory blend of soy and hoisin sauces. Served over a bed of fluffy rice, this dish provides a balanced combination of protein, fiber, and carbohydrates, making it ideal for a satisfying and energy-boosting lunch.", "serving_size": 1, "meal_type": 1, "cooking_time": 25, "instructions": ["Heat 15 milliliters of olive oil in a large skillet or wok over medium-high heat.", "Add the minced garlic and ginger to the skillet. Cook for about 1 minute, or until fragrant, stirring frequently to prevent burning.", "Add the chicken pieces to the skillet. Cook for 5-7 minutes, stirring occasionally, until the chicken is browned and cooked through (internal temperature should reach 75C or 165F).", "Add the mixed vegetables to the skillet with the chicken. Continue to stir-fry for an additional 3-5 minutes, or until the vegetables are tender-crisp.", "Stir in 15 milliliters of soy sauce and 7.5 milliliters of hoisin sauce. Cook for another 2-3 minutes, ensuring that the chicken and vegetables are evenly coated with the sauce.", "Taste and adjust seasoning with salt and pepper if needed.", "Serve the chicken and vegetable stir-fry over 150 grams of cooked rice."], "created_at": "2024-09-11T13:28:53.885Z", "updated_at": "2024-10-06", "image": "recipes/chicken_stir_fry.png", "is_customized": false, "monetize": false}}, {"model": "community.recipe", "pk": 2, "fields": {"creator": 2, "name": "Salmon Teriyaki with Rice", "description": "This Salmon Teriyaki with Rice is a simple yet delicious high-protein meal perfect for bulking. The salmon is coated in a sweet and savory teriyaki glaze and baked to perfection. Served alongside rice and optionally paired with steamed asparagus or green beans, this dish is both nutritious and satisfying, making it a great choice for lunch.", "serving_size": 1, "meal_type": 1, "cooking_time": 25, "instructions": ["Preheat the oven to 190C (375F). Line a baking sheet with parchment paper for easy cleanup.", "In a small bowl, mix 30 milliliters of teriyaki sauce with 10 milliliters of honey until well combined.", "Place the salmon fillet on the lined baking sheet. Brush the top of the salmon evenly with the teriyaki and honey mixture, making sure it's well coated.", "Place the baking sheet in the preheated oven and bake the salmon for 15-20 minutes, or until the salmon is cooked through and flakes easily with a fork (internal temperature should reach 63C or 145F).", "While the salmon is baking, steam 100 grams of asparagus or green beans until tender. This step is optional but adds extra nutrients to the meal.", "Once the salmon is done, serve it over 150 grams of cooked white or brown rice.", "Optionally, place the steamed vegetables on the side.", "Garnish with sesame seeds for extra flavor and presentation."], "created_at": "2024-09-14T02:32:47.160Z", "updated_at": "2024-10-06", "image": "recipes/salmon_teriyaki.png", "is_customized": false, "monetize": false}}, {"model": "community.recipe", "pk": 12, "fields": {"creator": 2, "name": "Special Cancer Egg", "description": "This dish is special edition established from seasoned 1103's chef. The texture of the crispy egg blend with the hot sensation of sambal is a perfect combination to fulfill your feast.", "serving_size": 1, "meal_type": 1, "cooking_time": 15, "instructions": ["In a medium bowl, crack the eggs and add seasoning with salt and pepper.", "Whisk the mixture until the yolks and whites are fully combined and slightly frothy.", "Place a frying pot over high heat.", "Add the oil to the pot until approximately the egg can be covered perfectly with the oil.", "Once the oil is hot (it should shimmer), pour the egg mixture into the pot slowly.", "As you pour, create a gentle swirl in the oil to help the omelette get crispy.", "Cook the omelette until the bottom is golden brown and crispy, about 2-3 minutes.", "Carefully flip the omelette using a spatula and cook the other side until it's also golden brown.", "Once both sides are cooked, take the omelette out of the oil and let it drain on a paper towel to remove excess oil.", "Serve the omelette over a bed of cooked rice.", "Top with sambal for added flavor and spice."], "created_at": "2024-09-28T13:09:56.242Z", "updated_at": "2024-10-18", "image": "recipes/27eaa8c1-d345-4a19-acb1-89e8b83e9c86.JPG", "is_customized": false, "monetize": false}}, {"model": "community.recipe", "pk": 13, "fields": {"creator": 4, "name": "Grilled Chicken Teriyaki with Jasmine Rice", "description": "This savory meal features marinated grilled chicken glazed with a rich teriyaki sauce, served alongside fluffy jasmine rice. The combination of the juicy, tender chicken and the aromatic rice creates a satisfying dish that is both delicious and filling. Perfect for a quick weeknight dinner, this meal is packed with protein to keep you energized throughout your day.", "serving_size": 2, "meal_type": 1, "cooking_time": 20, "instructions": ["Cook the Jasmine rice according to package instructions (1 cup rice to 2 cups water).", "Marinate the chicken thigh fillets in Ayam Teriyaki Sauce, grated ginger, and minced garlic for 30 minutes.", "Heat oil in a pan, grill the marinated chicken on medium heat for 6-8 minutes on each side until fully cooked.", "Steam the mixed vegetables for 3-5 minutes or until tender.", "Serve the grilled chicken with rice and vegetables on the side"], "created_at": "2024-10-17T16:21:20.627Z", "updated_at": "2024-10-18", "image": "recipes/recipe_image_49LWM2D.jpg", "is_customized": false, "monetize": false}}, {"model": "community.recipe", "pk": 14, "fields": {"creator": 4, "name": "Hoisin Tofu Stir-Fry with Rice", "description": "Dive into a delightful blend of crispy tofu stir-fried with a mix of colorful vegetables, all tossed in a savory hoisin sauce. Served with steamed rice, this vegetarian dish offers a wonderful combination of textures and flavors. Its an excellent source of plant-based protein and is sure to satisfy both vegetarians and meat-lovers alike with its bold taste.", "serving_size": 2, "meal_type": 3, "cooking_time": 20, "instructions": ["Cook the Jasmine rice.", "ut the tofu into cubes and marinate in Ayam Hoisin Sauce for 15 minutes.", "Heat Ohlio Canola Oil in a pan and stir-fry the marinated tofu until crispy on all sides.", "Add minced garlic, grated ginger, and mixed vegetables to the pan and stir-fry for another 5 minutes.", "Serve the tofu stir-fry with rice and sprinkle with sesame seeds."], "created_at": "2024-10-17T16:32:26.734Z", "updated_at": "2024-10-18", "image": "recipes/recipe_image_zBNhZBt.jpg", "is_customized": false, "monetize": false}}, {"model": "community.recipe", "pk": 15, "fields": {"creator": 4, "name": "Honey Glazed Salmon with Rice and Vegetables", "description": "This meal showcases tender salmon fillets glazed with a sweet honey sauce, complemented by a side of jasmine rice and sauted vegetables. The balance of sweetness from the honey and the freshness of the vegetables creates a delightful dish that is both satisfying and healthy. Ideal for pescatarians looking to enjoy a hearty meal without compromising on flavor.", "serving_size": 2, "meal_type": 3, "cooking_time": 25, "instructions": ["Marinate the salmon fillets in honey, minced garlic, salt, and pepper for 20 minutes.", "Cook the Jasmine rice as per the package instructions.", "Heat Ohlio Canola Oil in a pan and cook the salmon fillets for 4-5 minutes on each side until golden and cooked.", "Steam the mixed vegetables and serve alongside the salmon and rice."], "created_at": "2024-10-17T16:36:32.290Z", "updated_at": "2024-10-18", "image": "recipes/recipe_image_Fl1FLTQ.jpg", "is_customized": false, "monetize": false}}, {"model": "community.recipe", "pk": 16, "fields": {"creator": 4, "name": "Spiced Grilled Chicken with Quinoa Salad", "description": "A flavorful and nutritious meal featuring marinated grilled chicken breast served over a refreshing quinoa salad. This dish combines the wholesome goodness of protein-rich chicken with the lightness of fresh vegetables and quinoa, making it perfect for a healthy meal. It's easy to prepare and offers a delightful balance of spices that enhance the natural flavors of the ingredients.", "serving_size": 2, "meal_type": 3, "cooking_time": 30, "instructions": ["Preheat the grill. Rub the chicken breasts with olive oil, minced garlic, cumin, paprika, salt, and black pepper. Grill for 6-8 minutes on each side or until fully cooked.", "Rinse the quinoa under cold water. Boil 200ml water, add the quinoa, and simmer for 15 minutes until the water is absorbed.", "In a bowl, combine the cucumber, cherry tomatoes, red onion, and cooked quinoa.", "Drizzle the lemon juice and 20ml of olive oil over the salad. Garnish with parsley and season with salt.", "Serve the grilled chicken on top of the quinoa salad."], "created_at": "2024-10-17T17:06:47.727Z", "updated_at": "2024-10-18", "image": "recipes/recipe_image_p4xndVV.jpg", "is_customized": false, "monetize": false}}, {"model": "community.recipe", "pk": 17, "fields": {"creator": 4, "name": "Zucchini Noodles with Pesto", "description": "This vibrant dish features spiralized zucchini noodles tossed in a creamy vegan pesto made from fresh basil and pine nuts. It's a refreshing, light meal that highlights the natural flavors of vegetables and is perfect for those looking to enjoy a low-carb, gluten-free option. The recipe is simple to prepare, making it an ideal choice for a quick and healthy dinner.", "serving_size": 2, "meal_type": 1, "cooking_time": 15, "instructions": ["Spiralize the zucchini into noodles and set aside.", "In a blender or food processor, combine the basil, pine nuts, garlic, olive oil, lemon juice, nutritional yeast (if using), salt, and pepper. Blend until smooth.", "Lightly saut the zucchini noodles in a pan for 2-3 minutes.", "Toss the noodles in the pesto and serve immediately."], "created_at": "2024-10-17T17:23:23.567Z", "updated_at": "2024-10-18", "image": "recipes/recipe_image_TPGl1b7.jpg", "is_customized": false, "monetize": false}}, {"model": "community.recipe", "pk": 18, "fields": {"creator": 4, "name": "Lemon Garlic Shrimp with Couscous", "description": "A delightful combination of succulent shrimp sauted in a zesty lemon garlic sauce, served over fluffy couscous. This meal is quick to prepare and bursting with flavor, making it an ideal choice for seafood lovers. The fresh ingredients create a light yet satisfying dish, perfect for a busy weeknight dinner.", "serving_size": 2, "meal_type": 1, "cooking_time": 15, "instructions": ["Bring 200ml of water to a boil and pour it over the couscous in a bowl. Cover and let it steam for 5 minutes, then fluff with a fork.", "In a pan, heat the olive oil and saut the garlic for 1 minute. Add the shrimp and cook for 2-3 minutes until they turn pink.", "Add the lemon zest and juice to the pan and toss the shrimp to coat. Season with salt and pepper.", "Serve the shrimp on a bed of couscous and garnish with parsley."], "created_at": "2024-10-17T17:34:55.828Z", "updated_at": "2024-10-18", "image": "recipes/recipe_image_pkre1XX.jpg", "is_customized": false, "monetize": false}}, {"model": "community.recipe", "pk": 19, "fields": {"creator": 4, "name": "Vegetable Frittata", "description": "This hearty vegetable frittata is a protein-packed dish filled with colorful vegetables and eggs. It's a versatile recipe that can be enjoyed for breakfast, lunch, or dinner. The combination of fresh ingredients and a fluffy egg base makes it a satisfying meal that's both nutritious and delicious.", "serving_size": 2, "meal_type": 2, "cooking_time": 25, "instructions": ["Preheat the oven to 180C. Heat olive oil in a pan and saut the onion, red bell pepper, and spinach until soft.", "In a bowl, whisk the eggs and season with salt and pepper.", "Pour the egg mixture over the sauted vegetables in an oven-safe pan.", "Optionally, sprinkle nutritional yeast on top for a cheesy flavor.", "Bake the frittata for 12-15 minutes, or until the eggs are set.", "Slice and serve."], "created_at": "2024-10-17T17:44:21.409Z", "updated_at": "2024-10-18", "image": "recipes/download_QIc6WRe.jpg", "is_customized": false, "monetize": false}}, {"model": "community.recipe", "pk": 20, "fields": {"creator": 4, "name": "Beef Stir-Fry with Bell Peppers", "description": "This vibrant beef stir-fry is packed with colorful bell peppers and full of flavor. A quick and nutritious dish that highlights tender beef strips sauted with fresh vegetables, it's perfect for a paleo diet. This stir-fry is not only delicious but also a great way to get your daily dose of protein and vitamins.", "serving_size": 2, "meal_type": 3, "cooking_time": 15, "instructions": ["Heat olive oil in a large pan or wok over medium heat. Add the beef strips and cook for 4-5 minutes, until browned.", "Add the garlic, onion, and bell peppers and stir-fry for another 3-4 minutes.", "Pour in the coconut aminos and season with salt and pepper. Stir-fry for another 2 minutes.", "Serve immediately."], "created_at": "2024-10-17T18:20:03.408Z", "updated_at": "2024-10-18", "image": "recipes/recipe_image_GUzgELJ.jpg", "is_customized": false, "monetize": false}}, {"model": "community.recipe", "pk": 21, "fields": {"creator": 4, "name": "Lentil and Vegetable Stew", "description": "This hearty lentil and vegetable stew is a comforting, wholesome dish brimming with flavor. Packed with protein-rich lentils and a variety of vegetables, this stew is not only filling but also nutritious. It's perfect for a cozy dinner and can be made in large batches for meal prep.", "serving_size": 2, "meal_type": 3, "cooking_time": 2, "instructions": ["In a large pot, heat olive oil and saut the onion, carrot, and celery for 5-7 minutes until softened.", "Add garlic, cumin, and thyme, cooking for another minute.", "Stir in the red lentils, canned tomatoes, and vegetable broth. Bring to a boil.", "Reduce heat and simmer for 20-25 minutes until the lentils are tender.", "Season with salt and pepper before serving."], "created_at": "2024-10-17T18:43:09.965Z", "updated_at": "2024-10-18", "image": "recipes/recipe_image_otUoGiE.jpg", "is_customized": false, "monetize": false}}, {"model": "community.recipeingredient", "pk": 1, "fields": {"recipe": 1, "ingredient": 1, "preparation_type": 3}}, {"model": "community.recipeingredient", "pk": 2, "fields": {"recipe": 1, "ingredient": 2, "preparation_type": null}}, {"model": "community.recipeingredient", "pk": 3, "fields": {"recipe": 1, "ingredient": 3, "preparation_type": null}}, {"model": "community.recipeingredient", "pk": 4, "fields": {"recipe": 1, "ingredient": 4, "preparation_type": null}}, {"model": "community.recipeingredient", "pk": 5, "fields": {"recipe": 1, "ingredient": 5, "preparation_type": null}}, {"model": "community.recipeingredient", "pk": 6, "fields": {"recipe": 1, "ingredient": 6, "preparation_type": 17}}, {"model": "community.recipeingredient", "pk": 7, "fields": {"recipe": 1, "ingredient": 7, "preparation_type": null}}, {"model": "community.recipeingredient", "pk": 8, "fields": {"recipe": 1, "ingredient": 8, "preparation_type": null}}, {"model": "community.recipeingredient", "pk": 9, "fields": {"recipe": 1, "ingredient": 9, "preparation_type": null}}, {"model": "community.recipeingredient", "pk": 10, "fields": {"recipe": 1, "ingredient": 10, "preparation_type": null}}, {"model": "community.recipeingredient", "pk": 11, "fields": {"recipe": 2, "ingredient": 11, "preparation_type": 30}}, {"model": "community.recipeingredient", "pk": 12, "fields": {"recipe": 2, "ingredient": 12, "preparation_type": null}}, {"model": "community.recipeingredient", "pk": 13, "fields": {"recipe": 2, "ingredient": 13, "preparation_type": null}}, {"model": "community.recipeingredient", "pk": 14, "fields": {"recipe": 2, "ingredient": 5, "preparation_type": null}}, {"model": "community.recipeingredient", "pk": 15, "fields": {"recipe": 2, "ingredient": 8, "preparation_type": null}}, {"model": "community.recipeingredient", "pk": 16, "fields": {"recipe": 2, "ingredient": 14, "preparation_type": null}}, {"model": "community.recipeingredient", "pk": 17, "fields": {"recipe": 2, "ingredient": 15, "preparation_type": null}}, {"model": "community.recipeingredient", "pk": 27, "fields": {"recipe": 12, "ingredient": 35, "preparation_type": null}}, {"model": "community.recipeingredient", "pk": 28, "fields": {"recipe": 12, "ingredient": 36, "preparation_type": null}}, {"model": "community.recipeingredient", "pk": 29, "fields": {"recipe": 13, "ingredient": 37, "preparation_type": 2}}, {"model": "community.recipeingredient", "pk": 30, "fields": {"recipe": 13, "ingredient": 38, "preparation_type": null}}, {"model": "community.recipeingredient", "pk": 31, "fields": {"recipe": 13, "ingredient": 39, "preparation_type": null}}, {"model": "community.recipeingredient", "pk": 32, "fields": {"recipe": 13, "ingredient": 40, "preparation_type": null}}, {"model": "community.recipeingredient", "pk": 33, "fields": {"recipe": 13, "ingredient": 41, "preparation_type": null}}, {"model": "community.recipeingredient", "pk": 34, "fields": {"recipe": 13, "ingredient": 42, "preparation_type": null}}, {"model": "community.recipeingredient", "pk": 35, "fields": {"recipe": 14, "ingredient": 43, "preparation_type": null}}, {"model": "community.recipeingredient", "pk": 36, "fields": {"recipe": 14, "ingredient": 44, "preparation_type": null}}, {"model": "community.recipeingredient", "pk": 37, "fields": {"recipe": 14, "ingredient": 45, "preparation_type": null}}, {"model": "community.recipeingredient", "pk": 38, "fields": {"recipe": 14, "ingredient": 46, "preparation_type": null}}, {"model": "community.recipeingredient", "pk": 39, "fields": {"recipe": 14, "ingredient": 47, "preparation_type": null}}, {"model": "community.recipeingredient", "pk": 40, "fields": {"recipe": 14, "ingredient": 48, "preparation_type": null}}, {"model": "community.recipeingredient", "pk": 41, "fields": {"recipe": 14, "ingredient": 49, "preparation_type": null}}, {"model": "community.recipeingredient", "pk": 42, "fields": {"recipe": 14, "ingredient": 50, "preparation_type": null}}, {"model": "community.recipeingredient", "pk": 43, "fields": {"recipe": 15, "ingredient": 51, "preparation_type": null}}, {"model": "community.recipeingredient", "pk": 44, "fields": {"recipe": 15, "ingredient": 52, "preparation_type": null}}, {"model": "community.recipeingredient", "pk": 45, "fields": {"recipe": 15, "ingredient": 53, "preparation_type": null}}, {"model": "community.recipeingredient", "pk": 46, "fields": {"recipe": 15, "ingredient": 54, "preparation_type": null}}, {"model": "community.recipeingredient", "pk": 47, "fields": {"recipe": 15, "ingredient": 55, "preparation_type": null}}, {"model": "community.recipeingredient", "pk": 48, "fields": {"recipe": 15, "ingredient": 56, "preparation_type": null}}, {"model": "community.recipeingredient", "pk": 49, "fields": {"recipe": 15, "ingredient": 57, "preparation_type": null}}, {"model": "community.recipeingredient", "pk": 50, "fields": {"recipe": 15, "ingredient": 58, "preparation_type": null}}, {"model": "community.recipeingredient", "pk": 51, "fields": {"recipe": 16, "ingredient": 59, "preparation_type": null}}, {"model": "community.recipeingredient", "pk": 52, "fields": {"recipe": 16, "ingredient": 60, "preparation_type": null}}, {"model": "community.recipeingredient", "pk": 53, "fields": {"recipe": 16, "ingredient": 61, "preparation_type": null}}, {"model": "community.recipeingredient", "pk": 54, "fields": {"recipe": 16, "ingredient": 62, "preparation_type": null}}, {"model": "community.recipeingredient", "pk": 55, "fields": {"recipe": 16, "ingredient": 63, "preparation_type": null}}, {"model": "community.recipeingredient", "pk": 56, "fields": {"recipe": 16, "ingredient": 64, "preparation_type": null}}, {"model": "community.recipeingredient", "pk": 57, "fields": {"recipe": 16, "ingredient": 65, "preparation_type": null}}, {"model": "community.recipeingredient", "pk": 58, "fields": {"recipe": 16, "ingredient": 66, "preparation_type": null}}, {"model": "community.recipeingredient", "pk": 59, "fields": {"recipe": 16, "ingredient": 67, "preparation_type": null}}, {"model": "community.recipeingredient", "pk": 60, "fields": {"recipe": 16, "ingredient": 68, "preparation_type": null}}, {"model": "community.recipeingredient", "pk": 61, "fields": {"recipe": 16, "ingredient": 69, "preparation_type": null}}, {"model": "community.recipeingredient", "pk": 62, "fields": {"recipe": 16, "ingredient": 70, "preparation_type": null}}, {"model": "community.recipeingredient", "pk": 63, "fields": {"recipe": 16, "ingredient": 71, "preparation_type": null}}, {"model": "community.recipeingredient", "pk": 64, "fields": {"recipe": 17, "ingredient": 72, "preparation_type": null}}, {"model": "community.recipeingredient", "pk": 65, "fields": {"recipe": 17, "ingredient": 73, "preparation_type": null}}, {"model": "community.recipeingredient", "pk": 66, "fields": {"recipe": 17, "ingredient": 74, "preparation_type": null}}, {"model": "community.recipeingredient", "pk": 67, "fields": {"recipe": 17, "ingredient": 75, "preparation_type": null}}, {"model": "community.recipeingredient", "pk": 68, "fields": {"recipe": 17, "ingredient": 76, "preparation_type": null}}, {"model": "community.recipeingredient", "pk": 69, "fields": {"recipe": 17, "ingredient": 77, "preparation_type": null}}, {"model": "community.recipeingredient", "pk": 70, "fields": {"recipe": 17, "ingredient": 78, "preparation_type": null}}, {"model": "community.recipeingredient", "pk": 71, "fields": {"recipe": 17, "ingredient": 79, "preparation_type": null}}, {"model": "community.recipeingredient", "pk": 72, "fields": {"recipe": 18, "ingredient": 80, "preparation_type": null}}, {"model": "community.recipeingredient", "pk": 73, "fields": {"recipe": 18, "ingredient": 81, "preparation_type": null}}, {"model": "community.recipeingredient", "pk": 74, "fields": {"recipe": 18, "ingredient": 82, "preparation_type": null}}, {"model": "community.recipeingredient", "pk": 75, "fields": {"recipe": 18, "ingredient": 83, "preparation_type": null}}, {"model": "community.recipeingredient", "pk": 76, "fields": {"recipe": 18, "ingredient": 84, "preparation_type": null}}, {"model": "community.recipeingredient", "pk": 77, "fields": {"recipe": 18, "ingredient": 85, "preparation_type": null}}, {"model": "community.recipeingredient", "pk": 78, "fields": {"recipe": 18, "ingredient": 86, "preparation_type": null}}, {"model": "community.recipeingredient", "pk": 79, "fields": {"recipe": 18, "ingredient": 87, "preparation_type": null}}, {"model": "community.recipeingredient", "pk": 80, "fields": {"recipe": 19, "ingredient": 88, "preparation_type": null}}, {"model": "community.recipeingredient", "pk": 81, "fields": {"recipe": 19, "ingredient": 89, "preparation_type": null}}, {"model": "community.recipeingredient", "pk": 82, "fields": {"recipe": 19, "ingredient": 90, "preparation_type": null}}, {"model": "community.recipeingredient", "pk": 83, "fields": {"recipe": 19, "ingredient": 91, "preparation_type": null}}, {"model": "community.recipeingredient", "pk": 84, "fields": {"recipe": 19, "ingredient": 92, "preparation_type": null}}, {"model": "community.recipeingredient", "pk": 85, "fields": {"recipe": 19, "ingredient": 93, "preparation_type": null}}, {"model": "community.recipeingredient", "pk": 86, "fields": {"recipe": 19, "ingredient": 94, "preparation_type": null}}, {"model": "community.recipeingredient", "pk": 87, "fields": {"recipe": 19, "ingredient": 95, "preparation_type": null}}, {"model": "community.recipeingredient", "pk": 88, "fields": {"recipe": 20, "ingredient": 96, "preparation_type": null}}, {"model": "community.recipeingredient", "pk": 89, "fields": {"recipe": 20, "ingredient": 97, "preparation_type": null}}, {"model": "community.recipeingredient", "pk": 90, "fields": {"recipe": 20, "ingredient": 98, "preparation_type": null}}, {"model": "community.recipeingredient", "pk": 91, "fields": {"recipe": 20, "ingredient": 99, "preparation_type": null}}, {"model": "community.recipeingredient", "pk": 92, "fields": {"recipe": 20, "ingredient": 100, "preparation_type": null}}, {"model": "community.recipeingredient", "pk": 93, "fields": {"recipe": 20, "ingredient": 101, "preparation_type": null}}, {"model": "community.recipeingredient", "pk": 94, "fields": {"recipe": 20, "ingredient": 102, "preparation_type": null}}, {"model": "community.recipeingredient", "pk": 95, "fields": {"recipe": 20, "ingredient": 103, "preparation_type": null}}, {"model": "community.recipeingredient", "pk": 96, "fields": {"recipe": 20, "ingredient": 104, "preparation_type": null}}, {"model": "community.recipeingredient", "pk": 97, "fields": {"recipe": 21, "ingredient": 105, "preparation_type": null}}, {"model": "community.recipeingredient", "pk": 98, "fields": {"recipe": 21, "ingredient": 106, "preparation_type": null}}, {"model": "community.recipeingredient", "pk": 99, "fields": {"recipe": 21, "ingredient": 107, "preparation_type": null}}, {"model": "community.recipeingredient", "pk": 100, "fields": {"recipe": 21, "ingredient": 108, "preparation_type": null}}, {"model": "community.recipeingredient", "pk": 101, "fields": {"recipe": 21, "ingredient": 109, "preparation_type": null}}, {"model": "community.recipeingredient", "pk": 102, "fields": {"recipe": 21, "ingredient": 110, "preparation_type": null}}, {"model": "community.recipeingredient", "pk": 103, "fields": {"recipe": 21, "ingredient": 111, "preparation_type": null}}, {"model": "community.recipeingredient", "pk": 104, "fields": {"recipe": 21, "ingredient": 112, "preparation_type": null}}, {"model": "community.recipeingredient", "pk": 105, "fields": {"recipe": 21, "ingredient": 113, "preparation_type": null}}, {"model": "community.recipeingredient", "pk": 106, "fields": {"recipe": 21, "ingredient": 114, "preparation_type": null}}, {"model": "community.recipeingredient", "pk": 107, "fields": {"recipe": 21, "ingredient": 115, "preparation_type": null}}, {"model": "community.recipeingredient", "pk": 108, "fields": {"recipe": 21, "ingredient": 116, "preparation_type": null}}, {"model": "community.recipedietarydetail", "pk": 1, "fields": {"recipe": 1, "dietary_details": 3}}, {"model": "community.recipedietarydetail", "pk": 2, "fields": {"recipe": 2, "dietary_details": 3}}, {"model": "community.recipedietarydetail", "pk": 7, "fields": {"recipe": 12, "dietary_details": 1}}, {"model": "community.recipedietarydetail", "pk": 8, "fields": {"recipe": 13, "dietary_details": 6}}, {"model": "community.recipedietarydetail", "pk": 9, "fields": {"recipe": 13, "dietary_details": 3}}, {"model": "community.recipedietarydetail", "pk": 10, "fields": {"recipe": 13, "dietary_details": 5}}, {"model": "community.recipedietarydetail", "pk": 11, "fields": {"recipe": 14, "dietary_details": 1}}, {"model": "community.recipedietarydetail", "pk": 12, "fields": {"recipe": 14, "dietary_details": 5}}, {"model": "community.recipedietarydetail", "pk": 13, "fields": {"recipe": 14, "dietary_details": 10}}, {"model": "community.recipedietarydetail", "pk": 14, "fields": {"recipe": 14, "dietary_details": 4}}, {"model": "community.recipedietarydetail", "pk": 15, "fields": {"recipe": 15, "dietary_details": 12}}, {"model": "community.recipedietarydetail", "pk": 16, "fields": {"recipe": 15, "dietary_details": 5}}, {"model": "community.recipedietarydetail", "pk": 17, "fields": {"recipe": 15, "dietary_details": 4}}, {"model": "community.recipedietarydetail", "pk": 18, "fields": {"recipe": 16, "dietary_details": 6}}, {"model": "community.recipedietarydetail", "pk": 19, "fields": {"recipe": 16, "dietary_details": 3}}, {"model": "community.recipedietarydetail", "pk": 20, "fields": {"recipe": 16, "dietary_details": 5}}, {"model": "community.recipedietarydetail", "pk": 21, "fields": {"recipe": 17, "dietary_details": 14}}, {"model": "community.recipedietarydetail", "pk": 22, "fields": {"recipe": 17, "dietary_details": 8}}, {"model": "community.recipedietarydetail", "pk": 23, "fields": {"recipe": 17, "dietary_details": 5}}, {"model": "community.recipedietarydetail", "pk": 24, "fields": {"recipe": 17, "dietary_details": 4}}, {"model": "community.recipedietarydetail", "pk": 25, "fields": {"recipe": 18, "dietary_details": 12}}, {"model": "community.recipedietarydetail", "pk": 26, "fields": {"recipe": 18, "dietary_details": 4}}, {"model": "community.recipedietarydetail", "pk": 27, "fields": {"recipe": 19, "dietary_details": 1}}, {"model": "community.recipedietarydetail", "pk": 28, "fields": {"recipe": 19, "dietary_details": 5}}, {"model": "community.recipedietarydetail", "pk": 29, "fields": {"recipe": 19, "dietary_details": 6}}, {"model": "community.recipedietarydetail", "pk": 30, "fields": {"recipe": 20, "dietary_details": 2}}, {"model": "community.recipedietarydetail", "pk": 31, "fields": {"recipe": 20, "dietary_details": 4}}, {"model": "community.recipedietarydetail", "pk": 32, "fields": {"recipe": 20, "dietary_details": 8}}, {"model": "community.recipedietarydetail", "pk": 33, "fields": {"recipe": 20, "dietary_details": 5}}, {"model": "community.recipedietarydetail", "pk": 34, "fields": {"recipe": 21, "dietary_details": 14}}, {"model": "community.recipedietarydetail", "pk": 35, "fields": {"recipe": 21, "dietary_details": 1}}, {"model": "community.recipedietarydetail", "pk": 36, "fields": {"recipe": 21, "dietary_details": 5}}, {"model": "community.recipedietarydetail", "pk": 37, "fields": {"recipe": 21, "dietary_details": 3}}, {"model": "community.recipedietarydetail", "pk": 38, "fields": {"recipe": 21, "dietary_details": 4}}, {"model": "community.recipenutrition", "pk": 1, "fields": {"energy_per_serving": "639.00", "protein_per_serving": "55.00", "fat_total_per_serving": "19.60", "carbohydrate_per_serving": "57.00"}}, {"model": "community.recipenutrition", "pk": 2, "fields": {"energy_per_serving": "891.00", "protein_per_serving": "49.30", "fat_total_per_serving": "47.10", "carbohydrate_per_serving": "70.70"}}, {"model": "community.mealkit", "pk": 2, "fields": {"creator": 2, "name": "Bulk-Up Power Meal Kit", "image": "mealkits/salmon_teriyaki.png", "description": "The Bulk-Up Power Meal Kit is designed for individuals aiming to increase muscle mass while enjoying delicious, nutrient-dense meals. This meal kit includes two high-protein recipes: Chicken and Vegetable Stir-Fry with Rice and Salmon Teriyaki with Rice. Both dishes feature a balanced combination of lean protein, wholesome vegetables, and satisfying rice, ensuring you're fueled with the right nutrients to support muscle growth and recovery. Each meal is simple to prepare, making it perfect for those with busy lifestyles but still looking to meet their fitness goals.", "created_at": "2024-09-14T02:56:16.152Z", "updated_at": "2024-09-15", "is_customized": false, "monetize": false}}, {"model": "community.mealkitrecipe", "pk": 1, "fields": {"mealkit": 2, "recipe": 1, "quantity": 1}}, {"model": "community.mealkitrecipe", "pk": 2, "fields": {"mealkit": 2, "recipe": 2, "quantity": 1}}, {"model": "community.mealkitdietarydetail", "pk": 1, "fields": {"mealkit": 2, "dietary_details": 3}}, {"model": "community.recipelike", "pk": 1, "fields": {"recipe": 2, "user": 4, "liked_at": "2024-10-06T04:46:41.390Z"}}, {"model": "community.recipelike", "pk": 2, "fields": {"recipe": 12, "user": 4, "liked_at": "2024-10-06T05:08:43.749Z"}}, {"model": "community.recipelike", "pk": 3, "fields": {"recipe": 2, "user": 3, "liked_at": "2024-10-06T05:10:10.711Z"}}, {"model": "community.recipecomment", "pk": 1, "fields": {"recipe": 2, "user": 4, "commented_at": "2024-10-06T04:46:46.100Z", "comment": "recipe is very helpful for weight loss"}}, {"model": "community.recipecomment", "pk": 3, "fields": {"recipe": 2, "user": 4, "commented_at": "2024-10-15T12:24:26.559Z", "comment": "recipe is very helpful for weight loss"}}, {"model": "community.mealkitlike", "pk": 1, "fields": {"mealkit": 2, "user": 4, "liked_at": "2024-10-06T04:46:24.114Z"}}, {"model": "community.mealkitcomment", "pk": 1, "fields": {"mealkit": 2, "user": 4, "commented_at": "2024-10-06T04:46:29.244Z", "comment": "mealkit is very helpful for bulking and adding power"}}, {"model": "community.mealkitcomment", "pk": 5, "fields": {"mealkit": 2, "user": 4, "commented_at": "2024-10-15T12:23:28.334Z", "comment": "mealkit is very helpful for bulking and adding power"}}, {"model": "groceries.category", "pk": 1, "fields": {"name": "Poultry", "image": "category/poultry.png"}}, {"model": "groceries.category", "pk": 2, "fields": {"name": "Meat", "image": "category/meat.png"}}, {"model": "groceries.category", "pk": 3, "fields": {"name": "Seafood", "image": "category/seafood.png"}}, {"model": "groceries.category", "pk": 4, "fields": {"name": "Fruit", "image": "category/fruits.png"}}, {"model": "groceries.category", "pk": 5, "fields": {"name": "Vegetables", "image": "category/vegetables.png"}}, {"model": "groceries.category", "pk": 6, "fields": {"name": "Salad", "image": "category/salad.png"}}, {"model": "groceries.category", "pk": 7, "fields": {"name": "Bakery", "image": "category/bakery.png"}}, {"model": "groceries.category", "pk": 8, "fields": {"name": "Dairy", "image": "category/dairy.png"}}, {"model": "groceries.category", "pk": 9, "fields": {"name": "Eggs", "image": "category/eggs.png"}}, {"model": "groceries.category", "pk": 10, "fields": {"name": "Herbs", "image": "category/herbs.png"}}, {"model": "groceries.category", "pk": 11, "fields": {"name": "Spices", "image": "category/spices.png"}}, {"model": "groceries.category", "pk": 12, "fields": {"name": "Sauces", "image": "category/sauces.png"}}, {"model": "groceries.category", "pk": 13, "fields": {"name": "Pantry", "image": "category/pantry.png"}}, {"model": "groceries.category", "pk": 14, "fields": {"name": "Grains", "image": "category/grains.png"}}, {"model": "groceries.dietarydetail", "pk": 1, "fields": {"name": "Vegetarian"}}, {"model": "groceries.dietarydetail", "pk": 2, "fields": {"name": "Paleo"}}, {"model": "groceries.dietarydetail", "pk": 3, "fields": {"name": "High-Protein"}}, {"model": "groceries.dietarydetail", "pk": 4, "fields": {"name": "Dairy-Free"}}, {"model": "groceries.dietarydetail", "pk": 5, "fields": {"name": "Gluten-Free"}}, {"model": "groceries.dietarydetail", "pk": 6, "fields": {"name": "Halal"}}, {"model": "groceries.dietarydetail", "pk": 8, "fields": {"name": "Low-Carb"}}, {"model": "groceries.dietarydetail", "pk": 9, "fields": {"name": "Low-Sodium"}}, {"model": "groceries.dietarydetail", "pk": 10, "fields": {"name": "Nut-Free"}}, {"model": "groceries.dietarydetail", "pk": 12, "fields": {"name": "Pescatarian"}}, {"model": "groceries.dietarydetail", "pk": 13, "fields": {"name": "Sugar-Free"}}, {"model": "groceries.dietarydetail", "pk": 14, "fields": {"name": "Vegan"}}, {"model": "groceries.unit", "pk": 1, "fields": {"name": "Kg"}}, {"model": "groceries.unit", "pk": 2, "fields": {"name": "g"}}, {"model": "groceries.unit", "pk": 3, "fields": {"name": "ml"}}, {"model": "groceries.unit", "pk": 4, "fields": {"name": "EA"}}, {"model": "groceries.unit", "pk": 5, "fields": {"name": "Clove"}}, {"model": "groceries.product", "pk": 1, "fields": {"name": "Chicken Breast Fillet Min. 1Kg", "category_id": 1, "unit_id": 1, "unit_size": "1.00", "price_per_unit": "12.00", "measurement_size": "1.00", "price_per_measurement": "12.00", "description": "Rspca Approved Chicken Breast Fillet Min. 1Kg", "stock": 100, "image": "products/chicken_breast_KsbTnpG.png"}}, {"model": "groceries.product", "pk": 2, "fields": {"name": "Chicken Thigh Fillet Min. 1Kg", "category_id": 1, "unit_id": 1, "unit_size": "1.00", "price_per_unit": "14.50", "measurement_size": "1.00", "price_per_measurement": "14.50", "description": "RSPCA Approved Chicken", "stock": 100, "image": "products/chicken_thigh_iEihTvc.png"}}, {"model": "groceries.product", "pk": 3, "fields": {"name": "Soft White Loaf 680g", "category_id": 7, "unit_id": 2, "unit_size": "680.00", "price_per_unit": "2.90", "measurement_size": "100.00", "price_per_measurement": "0.43", "description": "Made in Australia from at least 92% Australian ingredients.\r\n\r\nIngredients\r\nWheat Flour (Vitamins (Thiamin, Folic Acid)), Water, Yeast, Vegetable Oils (Palm, Canola), Iodised Salt, Yellow Pea Flour, Wheat Gluten, Fermented Wheat Flour, Processing Aid (Wheat).\r\n\r\nAllergen\r\nContains:Gluten,Wheat\r\nMay contain:Egg,Lupin,Milk,Sesame,Soy,Peanuts,Tree Nuts", "stock": 100, "image": ""}}, {"model": "groceries.product", "pk": 4, "fields": {"name": "Mixed Vegetable Seasonal Mix Frozen 1kg", "category_id": 5, "unit_id": 1, "unit_size": "1.00", "price_per_unit": "6.80", "measurement_size": "1.00", "price_per_measurement": "6.80", "description": "Carrots, broccoli, beans, cauliflower, capsicum.", "stock": 97, "image": ""}}, {"model": "groceries.product", "pk": 5, "fields": {"name": "Lee Kum Kee Soy Sauce Premium 500ml", "category_id": 12, "unit_id": 3, "unit_size": "500.00", "price_per_unit": "2.35", "measurement_size": "100.00", "price_per_measurement": "0.47", "description": "Lee Kum Kee Premium Soy Sauce is made from soybeans and wheat flour. It is brewed according to the traditional method. Lee Kum Kee Premium Soy Sauce has a rich soy flavour, colour and aroma which will delicately enhance the taste of any dish. Use it as a meat marinade, a dipping sauce, and seasoning. Made with NON - GM soybeans.", "stock": 100, "image": ""}}, {"model": "groceries.product", "pk": 6, "fields": {"name": "Ayam Hoisin Sauce 210ml", "category_id": 12, "unit_id": 3, "unit_size": "210.00", "price_per_unit": "4.00", "measurement_size": "100.00", "price_per_measurement": "1.90", "description": "Sweet and tangy, ideal as a marinade for meat, as a dipping sauce for spring rolls or dumplings, or use in stir fries.", "stock": 0, "image": ""}}, {"model": "groceries.product", "pk": 7, "fields": {"name": "Ohlio Canola Oil & Moro Extra Virgin Olive Oil Blend 1l", "category_id": 13, "unit_id": 3, "unit_size": "1000.00", "price_per_unit": "9.50", "measurement_size": "100.00", "price_per_measurement": "0.95", "description": "Product of Spain", "stock": 100, "image": ""}}, {"model": "groceries.product", "pk": 8, "fields": {"name": "Garlic Head Each", "category_id": 5, "unit_id": 4, "unit_size": "1.00", "price_per_unit": "1.65", "measurement_size": "1.00", "price_per_measurement": "1.65", "description": "Bulb made up of segments called cloves, covered by a papery shell. The most common varieties of garlic contain 10 cloves (or segments) with white skin. Other varieties have pink or purple skin and larger cloves. As a rule, the smaller the clove, the stronger the taste. \r\nIt is a member of the allium family that also includes onions, chives, shallots, spring onions and leeks.\r\n\r\nWhat to look for\r\nLook for firm well-shaped cloves. Buy in small amounts and break off the cloves only when needed. Garlic dries out once detached. bulb of garlic has had its roots trimmed, one at a time. Garlic is never labelled since it sheds its skin if a label is applied to it.\r\n\r\nAvailability\r\nAll year.\r\n\r\nStore\r\nKeep in a cool dry place away from the sunlight. Avoid placing in plastic bags, or storing in the refrigerator or everything in the refrigerator will end up tasting of garlic. Avoid storing next to ginger as ginger dehydrates garlic.\r\n\r\nHow to prepare\r\nSeparate cloves from bulbs, remove papery skin unless roasting when skin can be left on. Cut bulbs in half crosswise and brush with oil to roast. To remove skin, press the clove under the flat side of a knife and the skin will come off easily. Chop the garlic very finely or crush it with the side of a knife. Alternatively, use a garlic crusher.\r\n\r\nWays to eat\r\nGarlic can be eaten raw or cooked. Raw garlic produces a strong, pungent flavour while cooking gives a more mellow flavour. The longer garlic is cooked, the milder and sweeter the flavour. It's usually used in small amounts, 2-3 cloves to a dish. Garlic burns easily, so take care when frying or sauteing. It can be used in vegetable dishes, meats, soups, dips, stir fries, braises and stews. Add whole unpeeled cloves into a roasting pan with meat or vegetables. Cut a whole head in half horizontally and roast in a little olive oil. When cooked, serve as it is, or squeeze the roasted flesh out and serve on crostini or fresh bread.\r\n\r\nCooking Methods\r\nRoast, braise, stew, stir fry.", "stock": 100, "image": ""}}, {"model": "groceries.product", "pk": 9, "fields": {"name": "Ginger Fresh Per Kg", "category_id": 11, "unit_id": 1, "unit_size": "1.00", "price_per_unit": "27.00", "measurement_size": "1.00", "price_per_measurement": "27.00", "description": "Ginger Fresh Per Kg", "stock": 100, "image": ""}}, {"model": "groceries.product", "pk": 10, "fields": {"name": "Jasmine Rice 1kg", "category_id": 14, "unit_id": 1, "unit_size": "1.00", "price_per_unit": "3.50", "measurement_size": "1.00", "price_per_measurement": "3.50", "description": "Product of Thailand", "stock": 100, "image": ""}}, {"model": "groceries.product", "pk": 11, "fields": {"name": "Iodised Table Salt Drum 500g", "category_id": 11, "unit_id": 2, "unit_size": "500.00", "price_per_unit": "1.50", "measurement_size": "10.00", "price_per_measurement": "0.03", "description": "Homebrand Iodised Table Salt", "stock": 100, "image": ""}}, {"model": "groceries.product", "pk": 12, "fields": {"name": "Pepper Grinder Black Peppercorn 50g", "category_id": 11, "unit_id": 2, "unit_size": "50.00", "price_per_unit": "3.40", "measurement_size": "10.00", "price_per_measurement": "0.68", "description": "Black Peppercorn Grinder", "stock": 100, "image": ""}}, {"model": "groceries.product", "pk": 13, "fields": {"name": "Salmon Tasmanian Atlantic Fillets Skin On Per Kg", "category_id": 3, "unit_id": 1, "unit_size": "1.00", "price_per_unit": "36.00", "measurement_size": "1.00", "price_per_measurement": "36.00", "description": "Salmon Tasmanian Atlantic Fillets Skin On Per Kg", "stock": 100, "image": ""}}, {"model": "groceries.product", "pk": 14, "fields": {"name": "Ayam Teriyaki Sauce 210ml", "category_id": 12, "unit_id": 3, "unit_size": "210.00", "price_per_unit": "4.00", "measurement_size": "100.00", "price_per_measurement": "1.90", "description": "Mild and sweet with a slight hint of ginger, use as a marinade for meat or fish for grills, roasts, and barbecues.", "stock": 100, "image": ""}}, {"model": "groceries.product", "pk": 15, "fields": {"name": "Pure Honey Squeeze 400g", "category_id": 13, "unit_id": 2, "unit_size": "400.00", "price_per_unit": "4.70", "measurement_size": "100.00", "price_per_measurement": "1.18", "description": "This richly flavoured honey has been sourced from select international honeys and then expertly blended with delicious, delicate Australian honey. Enjoy it as a sweetener on cereals, in your favourite drinks or spread on toast. This pure honey will naturally crystallise over time. This has no effect on the honey other than to change its colour and texture. If crystallisation does occur, simply stand the bottle in hot water to clear.", "stock": 100, "image": "products/honey.jpg"}}, {"model": "groceries.product", "pk": 16, "fields": {"name": "Beans Round Per Kg", "category_id": 5, "unit_id": 2, "unit_size": "100.00", "price_per_unit": "9.90", "measurement_size": "1.00", "price_per_measurement": "0.10", "description": "Beans Round Per Kg", "stock": 100, "image": "products/beans_round.jpg"}}, {"model": "groceries.product", "pk": 17, "fields": {"name": "Hoyt's Sesame Seeds 100g", "category_id": 11, "unit_id": 2, "unit_size": "100.00", "price_per_unit": "3.00", "measurement_size": "100.00", "price_per_measurement": "3.00", "description": "Hoyt's 100% Australian family owned company.\r\n\r\nTastes similar to roasted almonds.\r\n\r\nPacked in Australia from Imported Product", "stock": 100, "image": "products/sesame_seed.jpg"}}, {"model": "groceries.product", "pk": 18, "fields": {"name": "Sunny Queen 12 Extra Large Free Range Eggs 700g", "category_id": 9, "unit_id": 2, "unit_size": "700.00", "price_per_unit": "7.50", "measurement_size": "100.00", "price_per_measurement": "1.07", "description": "Our smiley Free Range eggs are laid by happy country hens on farms with a maximum outdoor density of 1500 hens per hectare. That's over 6 times more space than the Australian National Free Range Standard Limit and lots of room to roam, peck and play with their friends during the day! At night they sleep inside where they are safe from other animals and harsh weather. Our farms are independently audited, so you can feel confident that the hens laying your eggs are well cared for, and only the best quality golden-yolked Free Range eggs make it to your table to Make Every Day Sunny! All our eggs come in 100% biodegradable and compostable egg cartons. We're proudly farmed by Aussie families with over 50 years of eggs-perience delivering nutritious food from our farms to your table.", "stock": 100, "image": ""}}, {"model": "groceries.product", "pk": 19, "fields": {"name": "Macro Classic Tofu Regular 300g", "category_id": 5, "unit_id": 2, "unit_size": "300.00", "price_per_unit": "2.30", "measurement_size": "100.00", "price_per_measurement": "0.77", "description": "-", "stock": 100, "image": ""}}, {"model": "groceries.product", "pk": 20, "fields": {"name": "Macro Organic Quinoa 500g", "category_id": 14, "unit_id": 2, "unit_size": "500.00", "price_per_unit": "6.59", "measurement_size": "100.00", "price_per_measurement": "1.32", "description": "Organic White Quinoa", "stock": 100, "image": "products/download.jpeg"}}, {"model": "groceries.product", "pk": 21, "fields": {"name": "Lebanese Cucumber 500g Pack", "category_id": 5, "unit_id": 2, "unit_size": "500.00", "price_per_unit": "3.90", "measurement_size": "100.00", "price_per_measurement": "0.78", "description": "Veg a day: 1/2 cup = 1 serve of vegetables (1) (1) One serve of vegetables is approximately 75g. Australian Dietary Guidelines recommend 5 serves of vegetables per day.", "stock": 100, "image": "products/download_fRamnOZ.jpeg"}}, {"model": "groceries.product", "pk": 22, "fields": {"name": "Cherry Tomatoes Punnet 250g", "category_id": 5, "unit_id": 2, "unit_size": "250.00", "price_per_unit": "3.20", "measurement_size": "100.00", "price_per_measurement": "1.28", "description": "Cherry tomatoes", "stock": 100, "image": "products/download_U5h1Lxm.jpeg"}}, {"model": "groceries.product", "pk": 23, "fields": {"name": "Red Onions 1kg", "category_id": 5, "unit_id": 2, "unit_size": "1000.00", "price_per_unit": "4.90", "measurement_size": "100.00", "price_per_measurement": "0.49", "description": "Red onions have burgundy red skins and red tinged flesh. Spanish type\r\nred onions are large and round, while Californian red onions tend to be flatter\r\nand milder. They are mild, sweet and juicy and are delicious eaten raw in salads,\r\nused as a garnish or added to sandwiches.", "stock": 100, "image": "products/download_bykbcvJ.jpeg"}}, {"model": "groceries.product", "pk": 24, "fields": {"name": "Cumin Ground 30g", "category_id": 11, "unit_id": 2, "unit_size": "30.00", "price_per_unit": "1.35", "measurement_size": "100.00", "price_per_measurement": "4.50", "description": "Cumin", "stock": 100, "image": ""}}, {"model": "groceries.product", "pk": 25, "fields": {"name": "MasterFoods Ground Paprika 115g", "category_id": 11, "unit_id": 2, "unit_size": "115.00", "price_per_unit": "6.50", "measurement_size": "100.00", "price_per_measurement": "5.65", "description": "A warm spice with slight notes of woody capsicum. Add a sprinkle over a creamy beef stroganoff or roast chicken.", "stock": 100, "image": "products/download_AziL8Gw.jpeg"}}, {"model": "groceries.product", "pk": 26, "fields": {"name": "Parsley 15G", "category_id": 10, "unit_id": 2, "unit_size": "15.00", "price_per_unit": "1.80", "measurement_size": "100.00", "price_per_measurement": "12.00", "description": "Parsley", "stock": 100, "image": "products/download_ygPhLTu.jpeg"}}, {"model": "groceries.product", "pk": 27, "fields": {"name": "Spanish Extra Virgin Olive Oil 500ml", "category_id": 13, "unit_id": 3, "unit_size": "500.00", "price_per_unit": "10.00", "measurement_size": "100.00", "price_per_measurement": "2.00", "description": "Extra Virgin Olive Oil", "stock": 100, "image": "products/download.jpg"}}, {"model": "groceries.product", "pk": 28, "fields": {"name": "Lemon Juice 500ml", "category_id": 13, "unit_id": 3, "unit_size": "500.00", "price_per_unit": "1.65", "measurement_size": "100.00", "price_per_measurement": "0.33", "description": "Reconstituted Lemon Juice (99.9%), Acidity Regulator (Ascorbic Acid), Natural Flavour, Preservative (223) (Sulphites)", "stock": 100, "image": "products/download_NREXJeq.jpeg"}}, {"model": "groceries.product", "pk": 29, "fields": {"name": "Minced Garlic 500g", "category_id": 13, "unit_id": 2, "unit_size": "500.00", "price_per_unit": "2.30", "measurement_size": "100.00", "price_per_measurement": "0.46", "description": "Minced garlic", "stock": 100, "image": "products/335073.jpeg"}}, {"model": "groceries.product", "pk": 30, "fields": {"name": "Green Zucchini Punnet 500g", "category_id": 5, "unit_id": 2, "unit_size": "500.00", "price_per_unit": "4.90", "measurement_size": "100.00", "price_per_measurement": "0.98", "description": "Our fresh Australian Organic Zucchini is lovingly grown and packed by Coolibah Herbs - a proud family-run enterprise. Produced through organic and sustainable farming practices, our certified organic zucchinis are reassuringly free from synthetic chemicals such as pesticides, herbicides and GM ingredients.", "stock": 100, "image": "products/download_TQIbEj7.jpeg"}}, {"model": "groceries.product", "pk": 31, "fields": {"name": "Green Basil Fresh Herb 15g Punnet", "category_id": 10, "unit_id": 2, "unit_size": "15.00", "price_per_unit": "3.20", "measurement_size": "100.00", "price_per_measurement": "21.33", "description": "Fresh basil", "stock": 100, "image": "products/download_q4oCaAI.jpeg"}}, {"model": "groceries.product", "pk": 32, "fields": {"name": "Pine Nuts 180g", "category_id": 14, "unit_id": 2, "unit_size": "180.00", "price_per_unit": "8.75", "measurement_size": "100.00", "price_per_measurement": "4.86", "description": "These natural pine nuts with no added salt are perfect for whipping up a home made pesto or simply toasted and tossed into your favourite salad.  Source of Iron, Manganese and Zinc.  Whip up a zesty pesto or toss into a salad.  No artificial colours, flavours or preservatives.", "stock": 100, "image": "products/download_rsDpyBw.jpeg"}}, {"model": "groceries.product", "pk": 33, "fields": {"name": "Nutritional Yeast Flakes 200g", "category_id": 14, "unit_id": 2, "unit_size": "200.00", "price_per_unit": "8.00", "measurement_size": "100.00", "price_per_measurement": "4.00", "description": "100% vegan and dairy free, Macro Nutritional Yeast Flakes are a perfect vegan substitute for dishes where cheese is required. Containing immune-building vitamin B12 and B vitamins for energy, our nutritional yeast flakes are free from artificial colours, flavours and preservatives.", "stock": 100, "image": "products/download_4ZTVZT9.jpeg"}}, {"model": "groceries.product", "pk": 34, "fields": {"name": "Frozen Peeled Shrimp 700g", "category_id": 3, "unit_id": 2, "unit_size": "700.00", "price_per_unit": "17.90", "measurement_size": "100.00", "price_per_measurement": "2.56", "description": "Frozen peeled shrimp", "stock": 100, "image": "products/335073_0ewNvYP.jpeg"}}, {"model": "groceries.product", "pk": 35, "fields": {"name": "Cous Cous 500g", "category_id": 14, "unit_id": 2, "unit_size": "500.00", "price_per_unit": "2.00", "measurement_size": "100.00", "price_per_measurement": "0.40", "description": "Contains Durum Wheat Semolina", "stock": 100, "image": "products/download_h2qPhhy.jpeg"}}, {"model": "groceries.product", "pk": 36, "fields": {"name": "Lemon Fresh Each", "category_id": 4, "unit_id": 4, "unit_size": "1.00", "price_per_unit": "1.21", "measurement_size": "1.00", "price_per_measurement": "1.21", "description": "Fresh Lemons", "stock": 100, "image": "products/download_JysySSM.jpeg"}}, {"model": "groceries.product", "pk": 37, "fields": {"name": "Red Bell Pepper 220g", "category_id": 5, "unit_id": 2, "unit_size": "220.00", "price_per_unit": "1.96", "measurement_size": "100.00", "price_per_measurement": "0.89", "description": "The colour of a capsicum is indicative of when it was harvested with the stages of ripeness transcending from green, yellow, orange through to red. All are edible however the colours also indicate the levels of sweetness and as red capsicums are the most mature, they are the sweetest and contain the most Vitamin C. Due to their almost fruity sweet flavour, this is the best to eat fresh or pack in kids lunchboxes.", "stock": 100, "image": "products/335073_MVnUC9V.jpeg"}}, {"model": "groceries.product", "pk": 38, "fields": {"name": "Baby Spinach 280g", "category_id": 5, "unit_id": 2, "unit_size": "280.00", "price_per_unit": "5.00", "measurement_size": "100.00", "price_per_measurement": "1.79", "description": "Spinach", "stock": 100, "image": "products/335073_6w0elF9.jpeg"}}, {"model": "groceries.product", "pk": 39, "fields": {"name": "Beef Stir Fry 500g", "category_id": 2, "unit_id": 2, "unit_size": "500.00", "price_per_unit": "11.50", "measurement_size": "100.00", "price_per_measurement": "2.30", "description": "Featuring tender strips of 100% Australian beef selected for quality, Woolworths Extra Lean Beef Stir Fry strips are ideal for creating delicious family meals. Containing less than 1% saturated fat, Woolworths Extra Lean Beef Stir Fry strips can be enjoyed as part of a healthy, balanced diet.", "stock": 100, "image": "products/335073_C9h0qUH.jpeg"}}, {"model": "groceries.product", "pk": 40, "fields": {"name": "Green Bell Pepper 220g", "category_id": 5, "unit_id": 2, "unit_size": "220.00", "price_per_unit": "1.74", "measurement_size": "100.00", "price_per_measurement": "0.79", "description": "The colour of a capsicum is indicative of when it was harvested with the stages of ripeness transcending from green, yellow, orange through to red. All are edible however the colours also indicate the levels of sweetness and as red capsicums are the most mature, they are the sweetest and contain the most Vitamin C. Due to their almost fruity sweet flavour, this is the best to eat fresh or pack in kids lunchboxes.", "stock": 100, "image": "products/download_fEkg1Ir.jpeg"}}, {"model": "groceries.product", "pk": 41, "fields": {"name": "Coconut Aminos Seasoning 250ml", "category_id": 13, "unit_id": 3, "unit_size": "250.00", "price_per_unit": "9.00", "measurement_size": "100.00", "price_per_measurement": "3.60", "description": "At Ceres Organics we like to keep things pure and wholesome. So our Coconut Aminos Seasoning is made from the sap of organic coconut flowers, naturally fermented with organic herbs and spices to produce a natural umami flavour. Its straight up goodness! It makes a nutritious, paleo friendly alternative to soy sauce for use in dressings and marinades, or as a simple dipping sauce.", "stock": 100, "image": "products/335073_GUqse28.jpeg"}}, {"model": "groceries.product", "pk": 42, "fields": {"name": "Red Split Lentils 500g", "category_id": 14, "unit_id": 2, "unit_size": "500.00", "price_per_unit": "2.20", "measurement_size": "100.00", "price_per_measurement": "0.44", "description": "Red lentils", "stock": 100, "image": "products/download_37nWyGe.jpg"}}, {"model": "groceries.product", "pk": 43, "fields": {"name": "Australian Grown Carrots 1Kg", "category_id": 5, "unit_id": 2, "unit_size": "1000.00", "price_per_unit": "1.70", "measurement_size": "100.00", "price_per_measurement": "0.17", "description": "Australian grown carrots", "stock": 100, "image": "products/download_P0J88Yi.jpg"}}, {"model": "groceries.product", "pk": 44, "fields": {"name": "Celery Sticks 300g", "category_id": 5, "unit_id": 2, "unit_size": "300.00", "price_per_unit": "4.50", "measurement_size": "100.00", "price_per_measurement": "1.50", "description": "Celery Sticks", "stock": 100, "image": "products/download_bCm9mK6.jpg"}}, {"model": "groceries.product", "pk": 45, "fields": {"name": "Liquid Stock Vegetable 1l", "category_id": 13, "unit_id": 3, "unit_size": "1000.00", "price_per_unit": "3.20", "measurement_size": "100.00", "price_per_measurement": "0.32", "description": "The ultimate in convenience and fresh flavour including all the health benefits you expect from Massel Created for busy people who love cooking great tasting home cooked food. The finest quality ingredients are the key to Massels delicious taste. We only use premium vegetables and herbs, and pure sea salt from our Great Southern Ocean, the cleanest ocean in the world. Massels growing popularity worldwide is due to our combination of fantastic flavours with great health benefits, including being one of the only gluten-free stocks with no added MSG on the market", "stock": 100, "image": "products/download_1.jpeg"}}, {"model": "groceries.product", "pk": 46, "fields": {"name": "Coriander Lightly Dried 8g", "category_id": 10, "unit_id": 2, "unit_size": "8.00", "price_per_unit": "4.00", "measurement_size": "10.00", "price_per_measurement": "5.00", "description": "Gourmet Garden Lightly Dried Coriander is made with Australian grown coriander that is roughly chopped and lightly dried (just enough) for fresher flavour that lasts for 4 weeks once opened*.", "stock": 100, "image": "products/335073_cOZH6pc.jpeg"}}, {"model": "groceries.product", "pk": 47, "fields": {"name": "Diced Italian Tomatoes 400g", "category_id": 5, "unit_id": 2, "unit_size": "400.00", "price_per_unit": "1.10", "measurement_size": "100.00", "price_per_measurement": "0.28", "description": "Diced Italian Tomatoes", "stock": 100, "image": "products/335073_OYWDvgZ.jpeg"}}, {"model": "groceries.product", "pk": 48, "fields": {"name": "Thyme Fresh Herb 10g", "category_id": 10, "unit_id": 2, "unit_size": "10.00", "price_per_unit": "3.20", "measurement_size": "10.00", "price_per_measurement": "3.20", "description": "Thyme", "stock": 100, "image": "products/335073_mwDkH4j.jpeg"}}, {"model": "groceries.productdietarydetail", "pk": 1, "fields": {"product": 1, "dietary_details": 2}}, {"model": "groceries.productdietarydetail", "pk": 4, "fields": {"product": 2, "dietary_details": 3}}, {"model": "groceries.productdietarydetail", "pk": 5, "fields": {"product": 3, "dietary_details": 1}}, {"model": "groceries.productdietarydetail", "pk": 6, "fields": {"product": 4, "dietary_details": 1}}, {"model": "groceries.productdietarydetail", "pk": 7, "fields": {"product": 1, "dietary_details": 6}}, {"model": "groceries.productdietarydetail", "pk": 8, "fields": {"product": 4, "dietary_details": 12}}, {"model": "groceries.productdietarydetail", "pk": 9, "fields": {"product": 4, "dietary_details": 5}}, {"model": "groceries.productdietarydetail", "pk": 10, "fields": {"product": 4, "dietary_details": 10}}, {"model": "groceries.productdietarydetail", "pk": 11, "fields": {"product": 4, "dietary_details": 2}}, {"model": "groceries.productdietarydetail", "pk": 12, "fields": {"product": 4, "dietary_details": 4}}, {"model": "groceries.productdietarydetail", "pk": 13, "fields": {"product": 4, "dietary_details": 6}}, {"model": "groceries.productdietarydetail", "pk": 14, "fields": {"product": 1, "dietary_details": 5}}, {"model": "groceries.productdietarydetail", "pk": 15, "fields": {"product": 1, "dietary_details": 8}}, {"model": "groceries.productdietarydetail", "pk": 16, "fields": {"product": 1, "dietary_details": 4}}, {"model": "groceries.productdietarydetail", "pk": 17, "fields": {"product": 2, "dietary_details": 5}}, {"model": "groceries.productdietarydetail", "pk": 18, "fields": {"product": 2, "dietary_details": 8}}, {"model": "groceries.productdietarydetail", "pk": 19, "fields": {"product": 2, "dietary_details": 4}}, {"model": "groceries.productdietarydetail", "pk": 20, "fields": {"product": 18, "dietary_details": 1}}, {"model": "groceries.productdietarydetail", "pk": 21, "fields": {"product": 18, "dietary_details": 3}}, {"model": "groceries.productdietarydetail", "pk": 22, "fields": {"product": 18, "dietary_details": 6}}, {"model": "groceries.productdietarydetail", "pk": 23, "fields": {"product": 3, "dietary_details": 6}}, {"model": "groceries.productdietarydetail", "pk": 24, "fields": {"product": 5, "dietary_details": 12}}, {"model": "groceries.productdietarydetail", "pk": 25, "fields": {"product": 5, "dietary_details": 1}}, {"model": "groceries.productdietarydetail", "pk": 26, "fields": {"product": 5, "dietary_details": 6}}, {"model": "groceries.productdietarydetail", "pk": 27, "fields": {"product": 6, "dietary_details": 1}}, {"model": "groceries.productdietarydetail", "pk": 28, "fields": {"product": 6, "dietary_details": 12}}, {"model": "groceries.productdietarydetail", "pk": 29, "fields": {"product": 6, "dietary_details": 4}}, {"model": "groceries.productdietarydetail", "pk": 30, "fields": {"product": 6, "dietary_details": 6}}, {"model": "groceries.productdietarydetail", "pk": 31, "fields": {"product": 7, "dietary_details": 1}}, {"model": "groceries.productdietarydetail", "pk": 32, "fields": {"product": 7, "dietary_details": 12}}, {"model": "groceries.productdietarydetail", "pk": 33, "fields": {"product": 7, "dietary_details": 5}}, {"model": "groceries.productdietarydetail", "pk": 34, "fields": {"product": 7, "dietary_details": 10}}, {"model": "groceries.productdietarydetail", "pk": 35, "fields": {"product": 7, "dietary_details": 2}}, {"model": "groceries.productdietarydetail", "pk": 36, "fields": {"product": 7, "dietary_details": 4}}, {"model": "groceries.productdietarydetail", "pk": 37, "fields": {"product": 7, "dietary_details": 6}}, {"model": "groceries.productdietarydetail", "pk": 38, "fields": {"product": 8, "dietary_details": 14}}, {"model": "groceries.productdietarydetail", "pk": 39, "fields": {"product": 8, "dietary_details": 12}}, {"model": "groceries.productdietarydetail", "pk": 40, "fields": {"product": 8, "dietary_details": 5}}, {"model": "groceries.productdietarydetail", "pk": 41, "fields": {"product": 8, "dietary_details": 10}}, {"model": "groceries.productdietarydetail", "pk": 42, "fields": {"product": 8, "dietary_details": 2}}, {"model": "groceries.productdietarydetail", "pk": 43, "fields": {"product": 8, "dietary_details": 6}}, {"model": "groceries.productdietarydetail", "pk": 44, "fields": {"product": 9, "dietary_details": 14}}, {"model": "groceries.productdietarydetail", "pk": 45, "fields": {"product": 9, "dietary_details": 12}}, {"model": "groceries.productdietarydetail", "pk": 46, "fields": {"product": 9, "dietary_details": 10}}, {"model": "groceries.productdietarydetail", "pk": 47, "fields": {"product": 9, "dietary_details": 2}}, {"model": "groceries.productdietarydetail", "pk": 48, "fields": {"product": 9, "dietary_details": 4}}, {"model": "groceries.productdietarydetail", "pk": 49, "fields": {"product": 9, "dietary_details": 6}}, {"model": "groceries.productdietarydetail", "pk": 50, "fields": {"product": 9, "dietary_details": 8}}, {"model": "groceries.productdietarydetail", "pk": 51, "fields": {"product": 10, "dietary_details": 14}}, {"model": "groceries.productdietarydetail", "pk": 52, "fields": {"product": 10, "dietary_details": 12}}, {"model": "groceries.productdietarydetail", "pk": 53, "fields": {"product": 10, "dietary_details": 5}}, {"model": "groceries.productdietarydetail", "pk": 54, "fields": {"product": 10, "dietary_details": 10}}, {"model": "groceries.productdietarydetail", "pk": 55, "fields": {"product": 10, "dietary_details": 4}}, {"model": "groceries.productdietarydetail", "pk": 56, "fields": {"product": 10, "dietary_details": 1}}, {"model": "groceries.productdietarydetail", "pk": 57, "fields": {"product": 10, "dietary_details": 6}}, {"model": "groceries.productdietarydetail", "pk": 58, "fields": {"product": 11, "dietary_details": 1}}, {"model": "groceries.productdietarydetail", "pk": 59, "fields": {"product": 11, "dietary_details": 14}}, {"model": "groceries.productdietarydetail", "pk": 60, "fields": {"product": 11, "dietary_details": 6}}, {"model": "groceries.productdietarydetail", "pk": 61, "fields": {"product": 11, "dietary_details": 10}}, {"model": "groceries.productdietarydetail", "pk": 62, "fields": {"product": 11, "dietary_details": 2}}, {"model": "groceries.productdietarydetail", "pk": 63, "fields": {"product": 11, "dietary_details": 4}}, {"model": "groceries.productdietarydetail", "pk": 64, "fields": {"product": 12, "dietary_details": 14}}, {"model": "groceries.productdietarydetail", "pk": 65, "fields": {"product": 12, "dietary_details": 5}}, {"model": "groceries.productdietarydetail", "pk": 66, "fields": {"product": 12, "dietary_details": 12}}, {"model": "groceries.productdietarydetail", "pk": 67, "fields": {"product": 12, "dietary_details": 10}}, {"model": "groceries.productdietarydetail", "pk": 68, "fields": {"product": 12, "dietary_details": 2}}, {"model": "groceries.productdietarydetail", "pk": 69, "fields": {"product": 12, "dietary_details": 4}}, {"model": "groceries.productdietarydetail", "pk": 70, "fields": {"product": 12, "dietary_details": 6}}, {"model": "groceries.productdietarydetail", "pk": 71, "fields": {"product": 13, "dietary_details": 12}}, {"model": "groceries.productdietarydetail", "pk": 72, "fields": {"product": 13, "dietary_details": 5}}, {"model": "groceries.productdietarydetail", "pk": 73, "fields": {"product": 13, "dietary_details": 8}}, {"model": "groceries.productdietarydetail", "pk": 74, "fields": {"product": 13, "dietary_details": 3}}, {"model": "groceries.productdietarydetail", "pk": 75, "fields": {"product": 13, "dietary_details": 4}}, {"model": "groceries.productdietarydetail", "pk": 76, "fields": {"product": 13, "dietary_details": 6}}, {"model": "groceries.productdietarydetail", "pk": 77, "fields": {"product": 14, "dietary_details": 12}}, {"model": "groceries.productdietarydetail", "pk": 78, "fields": {"product": 14, "dietary_details": 1}}, {"model": "groceries.productdietarydetail", "pk": 79, "fields": {"product": 14, "dietary_details": 4}}, {"model": "groceries.productdietarydetail", "pk": 80, "fields": {"product": 15, "dietary_details": 1}}, {"model": "groceries.productdietarydetail", "pk": 81, "fields": {"product": 15, "dietary_details": 12}}, {"model": "groceries.productdietarydetail", "pk": 82, "fields": {"product": 15, "dietary_details": 5}}, {"model": "groceries.productdietarydetail", "pk": 83, "fields": {"product": 15, "dietary_details": 10}}, {"model": "groceries.productdietarydetail", "pk": 84, "fields": {"product": 15, "dietary_details": 4}}, {"model": "groceries.productdietarydetail", "pk": 85, "fields": {"product": 15, "dietary_details": 6}}, {"model": "groceries.productdietarydetail", "pk": 86, "fields": {"product": 16, "dietary_details": 1}}, {"model": "groceries.productdietarydetail", "pk": 87, "fields": {"product": 16, "dietary_details": 14}}, {"model": "groceries.productdietarydetail", "pk": 88, "fields": {"product": 16, "dietary_details": 12}}, {"model": "groceries.productdietarydetail", "pk": 89, "fields": {"product": 16, "dietary_details": 5}}, {"model": "groceries.productdietarydetail", "pk": 90, "fields": {"product": 16, "dietary_details": 10}}, {"model": "groceries.productdietarydetail", "pk": 91, "fields": {"product": 16, "dietary_details": 2}}, {"model": "groceries.productdietarydetail", "pk": 92, "fields": {"product": 16, "dietary_details": 8}}, {"model": "groceries.productdietarydetail", "pk": 93, "fields": {"product": 16, "dietary_details": 4}}, {"model": "groceries.productdietarydetail", "pk": 94, "fields": {"product": 16, "dietary_details": 3}}, {"model": "groceries.productdietarydetail", "pk": 95, "fields": {"product": 16, "dietary_details": 6}}, {"model": "groceries.productdietarydetail", "pk": 96, "fields": {"product": 17, "dietary_details": 1}}, {"model": "groceries.productdietarydetail", "pk": 97, "fields": {"product": 17, "dietary_details": 14}}, {"model": "groceries.productdietarydetail", "pk": 98, "fields": {"product": 17, "dietary_details": 12}}, {"model": "groceries.productdietarydetail", "pk": 99, "fields": {"product": 17, "dietary_details": 5}}, {"model": "groceries.productdietarydetail", "pk": 100, "fields": {"product": 17, "dietary_details": 9}}, {"model": "groceries.productdietarydetail", "pk": 101, "fields": {"product": 17, "dietary_details": 2}}, {"model": "groceries.productdietarydetail", "pk": 102, "fields": {"product": 17, "dietary_details": 4}}, {"model": "groceries.productdietarydetail", "pk": 103, "fields": {"product": 19, "dietary_details": 1}}, {"model": "groceries.productdietarydetail", "pk": 104, "fields": {"product": 19, "dietary_details": 14}}, {"model": "groceries.productdietarydetail", "pk": 105, "fields": {"product": 19, "dietary_details": 12}}, {"model": "groceries.productdietarydetail", "pk": 106, "fields": {"product": 19, "dietary_details": 6}}, {"model": "groceries.productdietarydetail", "pk": 107, "fields": {"product": 19, "dietary_details": 8}}, {"model": "groceries.productdietarydetail", "pk": 108, "fields": {"product": 19, "dietary_details": 10}}, {"model": "groceries.preparationtype", "pk": 1, "fields": {"name": "Whole", "category": 1, "additional_price": "0.00"}}, {"model": "groceries.preparationtype", "pk": 2, "fields": {"name": "Fillet", "category": 1, "additional_price": "1.50"}}, {"model": "groceries.preparationtype", "pk": 3, "fields": {"name": "Diced", "category": 1, "additional_price": "1.00"}}, {"model": "groceries.preparationtype", "pk": 4, "fields": {"name": "Sliced", "category": 1, "additional_price": "0.80"}}, {"model": "groceries.preparationtype", "pk": 5, "fields": {"name": "Minced", "category": 1, "additional_price": "1.50"}}, {"model": "groceries.preparationtype", "pk": 6, "fields": {"name": "Cutlets", "category": 1, "additional_price": "1.20"}}, {"model": "groceries.preparationtype", "pk": 7, "fields": {"name": "Butterflied", "category": 1, "additional_price": "1.20"}}, {"model": "groceries.preparationtype", "pk": 8, "fields": {"name": "Skinless", "category": 1, "additional_price": "0.60"}}, {"model": "groceries.preparationtype", "pk": 9, "fields": {"name": "Whole", "category": 2, "additional_price": "0.00"}}, {"model": "groceries.preparationtype", "pk": 10, "fields": {"name": "Fillet", "category": 2, "additional_price": "1.50"}}, {"model": "groceries.preparationtype", "pk": 11, "fields": {"name": "Diced", "category": 2, "additional_price": "1.00"}}, {"model": "groceries.preparationtype", "pk": 12, "fields": {"name": "Sliced", "category": 2, "additional_price": "0.80"}}, {"model": "groceries.preparationtype", "pk": 13, "fields": {"name": "Minced", "category": 2, "additional_price": "1.50"}}, {"model": "groceries.preparationtype", "pk": 14, "fields": {"name": "Cutlets", "category": 2, "additional_price": "1.20"}}, {"model": "groceries.preparationtype", "pk": 15, "fields": {"name": "Butterflied", "category": 2, "additional_price": "1.20"}}, {"model": "groceries.preparationtype", "pk": 16, "fields": {"name": "Skinless", "category": 2, "additional_price": "0.60"}}, {"model": "groceries.preparationtype", "pk": 17, "fields": {"name": "Whole", "category": 5, "additional_price": "0.00"}}, {"model": "groceries.preparationtype", "pk": 18, "fields": {"name": "Peeled", "category": 5, "additional_price": "0.20"}}, {"model": "groceries.preparationtype", "pk": 19, "fields": {"name": "Diced", "category": 5, "additional_price": "0.40"}}, {"model": "groceries.preparationtype", "pk": 20, "fields": {"name": "Julienned", "category": 5, "additional_price": "0.60"}}, {"model": "groceries.preparationtype", "pk": 21, "fields": {"name": "Grated", "category": 5, "additional_price": "0.50"}}, {"model": "groceries.preparationtype", "pk": 22, "fields": {"name": "Sliced", "category": 5, "additional_price": "0.30"}}, {"model": "groceries.preparationtype", "pk": 23, "fields": {"name": "Chopped", "category": 5, "additional_price": "0.30"}}, {"model": "groceries.preparationtype", "pk": 24, "fields": {"name": "Trimmed", "category": 5, "additional_price": "0.10"}}, {"model": "groceries.preparationtype", "pk": 25, "fields": {"name": "Whole", "category": 4, "additional_price": "0.00"}}, {"model": "groceries.preparationtype", "pk": 26, "fields": {"name": "Peeled", "category": 4, "additional_price": "0.30"}}, {"model": "groceries.preparationtype", "pk": 27, "fields": {"name": "Sliced", "category": 4, "additional_price": "0.40"}}, {"model": "groceries.preparationtype", "pk": 28, "fields": {"name": "Diced", "category": 4, "additional_price": "0.50"}}, {"model": "groceries.preparationtype", "pk": 29, "fields": {"name": "Whole", "category": 3, "additional_price": "0.00"}}, {"model": "groceries.preparationtype", "pk": 30, "fields": {"name": "Fillet", "category": 3, "additional_price": "1.50"}}, {"model": "groceries.preparationtype", "pk": 31, "fields": {"name": "Cleaned", "category": 3, "additional_price": "0.70"}}, {"model": "groceries.preparationtype", "pk": 32, "fields": {"name": "Diced", "category": 3, "additional_price": "0.80"}}, {"model": "groceries.preparationtype", "pk": 33, "fields": {"name": "Butterflied", "category": 3, "additional_price": "1.00"}}, {"model": "groceries.preparationtype", "pk": 34, "fields": {"name": "Whole", "category": 10, "additional_price": "0.00"}}, {"model": "groceries.preparationtype", "pk": 35, "fields": {"name": "Chopped", "category": 10, "additional_price": "0.20"}}, {"model": "groceries.productnutrition", "pk": 3, "fields": {"servings_per_package": 9, "serving_size": "75.00", "energy_per_serving": "765.00", "protein_per_serving": "5.70", "fat_total_per_serving": "1.50", "saturated_fat_per_serving": "0.50", "carbohydrate_per_serving": "35.20", "sugars_per_serving": "0.79", "dietary_fibre_per_serving": "1.40", "sodium_per_serving": "250.00", "energy_per_100g": "1020.00", "protein_per_100g": "7.60", "fat_total_per_100g": "2.00", "saturated_fat_per_100g": "0.70", "carbohydrate_per_100g": "47.00", "sugars_per_100g": "1.07", "dietary_fibre_per_100g": "1.90", "sodium_per_100g": "333.00"}}, {"model": "groceries.productnutrition", "pk": 4, "fields": {"servings_per_package": 10, "serving_size": "100.00", "energy_per_serving": "124.00", "protein_per_serving": "3.60", "fat_total_per_serving": "0.40", "saturated_fat_per_serving": "0.10", "carbohydrate_per_serving": "3.70", "sugars_per_serving": "3.20", "dietary_fibre_per_serving": "3.10", "sodium_per_serving": "23.00", "energy_per_100g": "100.00", "protein_per_100g": "3.60", "fat_total_per_100g": "0.40", "saturated_fat_per_100g": "0.10", "carbohydrate_per_100g": "3.70", "sugars_per_100g": "3.20", "dietary_fibre_per_100g": "3.10", "sodium_per_100g": "23.00"}}, {"model": "groceries.productnutrition", "pk": 5, "fields": {"servings_per_package": 33, "serving_size": "15.00", "energy_per_serving": "57.00", "protein_per_serving": "1.20", "fat_total_per_serving": "0.10", "saturated_fat_per_serving": "0.10", "carbohydrate_per_serving": "2.00", "sugars_per_serving": "1.50", "dietary_fibre_per_serving": "0.00", "sodium_per_serving": "1030.00", "energy_per_100g": "383.00", "protein_per_100g": "7.70", "fat_total_per_100g": "0.10", "saturated_fat_per_100g": "0.10", "carbohydrate_per_100g": "13.00", "sugars_per_100g": "10.20", "dietary_fibre_per_100g": "0.00", "sodium_per_100g": "6880.00"}}, {"model": "groceries.productnutrition", "pk": 6, "fields": {"servings_per_package": 14, "serving_size": "17.70", "energy_per_serving": "1.00", "protein_per_serving": "0.40", "fat_total_per_serving": "0.20", "saturated_fat_per_serving": "0.20", "carbohydrate_per_serving": "6.70", "sugars_per_serving": "6.30", "dietary_fibre_per_serving": "0.11", "sodium_per_serving": "370.00", "energy_per_100g": "17.00", "protein_per_100g": "2.00", "fat_total_per_100g": "1.10", "saturated_fat_per_100g": "1.00", "carbohydrate_per_100g": "37.80", "sugars_per_100g": "35.30", "dietary_fibre_per_100g": "0.60", "sodium_per_100g": "2089.00"}}, {"model": "groceries.productnutrition", "pk": 10, "fields": {"servings_per_package": 14, "serving_size": "70.00", "energy_per_serving": "1050.00", "protein_per_serving": "5.00", "fat_total_per_serving": "0.80", "saturated_fat_per_serving": "0.70", "carbohydrate_per_serving": "54.70", "sugars_per_serving": "0.70", "dietary_fibre_per_serving": "1.00", "sodium_per_serving": "4.00", "energy_per_100g": "1500.00", "protein_per_100g": "7.20", "fat_total_per_100g": "1.10", "saturated_fat_per_100g": "1.00", "carbohydrate_per_100g": "78.20", "sugars_per_100g": "1.00", "dietary_fibre_per_100g": "1.50", "sodium_per_100g": "5.00"}}, {"model": "groceries.productnutrition", "pk": 12, "fields": {"servings_per_package": 0, "serving_size": "0.00", "energy_per_serving": "0.00", "protein_per_serving": "0.00", "fat_total_per_serving": "0.00", "saturated_fat_per_serving": "0.00", "carbohydrate_per_serving": "0.00", "sugars_per_serving": "0.00", "dietary_fibre_per_serving": "0.00", "sodium_per_serving": "0.00", "energy_per_100g": "0.00", "protein_per_100g": "0.00", "fat_total_per_100g": "0.00", "saturated_fat_per_100g": "0.00", "carbohydrate_per_100g": "0.00", "sugars_per_100g": "0.00", "dietary_fibre_per_100g": "26.30", "sodium_per_100g": "0.00"}}, {"model": "groceries.productnutrition", "pk": 14, "fields": {"servings_per_package": 14, "serving_size": "15.00", "energy_per_serving": "121.00", "protein_per_serving": "0.50", "fat_total_per_serving": "0.20", "saturated_fat_per_serving": "0.20", "carbohydrate_per_serving": "6.60", "sugars_per_serving": "6.40", "dietary_fibre_per_serving": "0.00", "sodium_per_serving": "1070.00", "energy_per_100g": "808.00", "protein_per_100g": "3.60", "fat_total_per_100g": "1.00", "saturated_fat_per_100g": "1.00", "carbohydrate_per_100g": "44.10", "sugars_per_100g": "42.90", "dietary_fibre_per_100g": "0.00", "sodium_per_100g": "7138.00"}}, {"model": "groceries.productnutrition", "pk": 15, "fields": {"servings_per_package": 26, "serving_size": "15.00", "energy_per_serving": "212.00", "protein_per_serving": "0.00", "fat_total_per_serving": "0.00", "saturated_fat_per_serving": "0.00", "carbohydrate_per_serving": "12.50", "sugars_per_serving": "12.40", "dietary_fibre_per_serving": "0.00", "sodium_per_serving": "2.30", "energy_per_100g": "1420.00", "protein_per_100g": "0.30", "fat_total_per_100g": "0.00", "saturated_fat_per_100g": "0.00", "carbohydrate_per_100g": "83.10", "sugars_per_100g": "82.50", "dietary_fibre_per_100g": "0.00", "sodium_per_100g": "15.00"}}, {"model": "groceries.productnutrition", "pk": 18, "fields": {"servings_per_package": 6, "serving_size": "104.00", "energy_per_serving": "620.00", "protein_per_serving": "12.70", "fat_total_per_serving": "10.30", "saturated_fat_per_serving": "3.40", "carbohydrate_per_serving": "1.40", "sugars_per_serving": "0.30", "dietary_fibre_per_serving": "0.00", "sodium_per_serving": "141.00", "energy_per_100g": "596.00", "protein_per_100g": "12.20", "fat_total_per_100g": "9.90", "saturated_fat_per_100g": "3.30", "carbohydrate_per_100g": "1.00", "sugars_per_100g": "0.30", "dietary_fibre_per_100g": "0.00", "sodium_per_100g": "136.00"}}, {"model": "groceries.productnutrition", "pk": 19, "fields": {"servings_per_package": 2, "serving_size": "150.00", "energy_per_serving": "352.00", "protein_per_serving": "8.70", "fat_total_per_serving": "4.20", "saturated_fat_per_serving": "0.80", "carbohydrate_per_serving": "2.70", "sugars_per_serving": "0.80", "dietary_fibre_per_serving": "0.40", "sodium_per_serving": "44.00", "energy_per_100g": "235.00", "protein_per_100g": "5.80", "fat_total_per_100g": "2.80", "saturated_fat_per_100g": "0.50", "carbohydrate_per_100g": "1.80", "sugars_per_100g": "0.50", "dietary_fibre_per_100g": "0.30", "sodium_per_100g": "29.00"}}, {"model": "orders.orderstatuses", "pk": 1, "fields": {"name": "pending"}}, {"model": "orders.orderstatuses", "pk": 2, "fields": {"name": "paid"}}, {"model": "orders.orderstatuses", "pk": 3, "fields": {"name": "preparing"}}, {"model": "orders.orderstatuses", "pk": 4, "fields": {"name": "ready to deliver"}}, {"model": "orders.orderstatuses", "pk": 5, "fields": {"name": "delivering"}}, {"model": "orders.orderstatuses", "pk": 6, "fields": {"name": "delivered"}}, {"model": "orders.orderstatuses", "pk": 7, "fields": {"name": "completed"}}, {"model": "orders.orderstatuses", "pk": 8, "fields": {"name": "cancelled"}}, {"model": "orders.orders", "pk": 4, "fields": {"user_id": 4, "order_status": 8, "created_at": "2024-09-18T09:46:10.770Z", "updated_at": "2024-10-18", "passcode": "3333", "total": "85.21", "delivery_proof_photo": ""}}, {"model": "orders.orders", "pk": 5, "fields": {"user_id": 4, "order_status": 1, "created_at": "2024-10-12T06:20:15.239Z", "updated_at": "2024-10-12", "passcode": null, "total": "0.00", "delivery_proof_photo": ""}}, {"model": "orders.orders", "pk": 6, "fields": {"user_id": 4, "order_status": 1, "created_at": "2024-10-12T06:22:57.404Z", "updated_at": "2024-10-12", "passcode": null, "total": "0.00", "delivery_proof_photo": ""}}, {"model": "orders.orders", "pk": 7, "fields": {"user_id": 4, "order_status": 1, "created_at": "2024-10-12T06:23:08.810Z", "updated_at": "2024-10-12", "passcode": null, "total": "0.00", "delivery_proof_photo": ""}}, {"model": "orders.orders", "pk": 8, "fields": {"user_id": 4, "order_status": 1, "created_at": "2024-10-12T06:23:10.284Z", "updated_at": "2024-10-12", "passcode": null, "total": "0.00", "delivery_proof_photo": ""}}, {"model": "orders.orders", "pk": 9, "fields": {"user_id": 4, "order_status": 1, "created_at": "2024-10-12T06:23:30.285Z", "updated_at": "2024-10-12", "passcode": null, "total": "0.00", "delivery_proof_photo": ""}}, {"model": "orders.orders", "pk": 10, "fields": {"user_id": 4, "order_status": 1, "created_at": "2024-10-12T06:25:26.109Z", "updated_at": "2024-10-12", "passcode": null, "total": "19.69", "delivery_proof_photo": ""}}, {"model": "orders.orders", "pk": 11, "fields": {"user_id": 4, "order_status": 1, "created_at": "2024-10-12T06:27:06.316Z", "updated_at": "2024-10-12", "passcode": null, "total": "28.39", "delivery_proof_photo": ""}}, {"model": "orders.orderproducts", "pk": 5, "fields": {"order": 4, "product": 2, "quantity": 2, "total": "29.00"}}, {"model": "orders.orderproducts", "pk": 6, "fields": {"order": 4, "product": 4, "quantity": 1, "total": "6.80"}}, {"model": "orders.ordermealkits", "pk": 3, "fields": {"order": 4, "mealkit": 2, "quantity": 2, "total": "25.96"}}, {"model": "orders.ordermealkits", "pk": 4, "fields": {"order": 11, "mealkit": 2, "quantity": 1, "total": "8.70"}}, {"model": "orders.orderrecipes", "pk": 3, "fields": {"order": 4, "recipe": 1, "mealkit": null, "quantity": 2, "total": "6.98"}}, {"model": "orders.orderrecipes", "pk": 4, "fields": {"order": 4, "recipe": 2, "mealkit": null, "quantity": 1, "total": "9.49"}}, {"model": "orders.orderrecipes", "pk": 5, "fields": {"order": 10, "recipe": 2, "mealkit": null, "quantity": 2, "total": "19.69"}}, {"model": "orders.orderrecipes", "pk": 6, "fields": {"order": 11, "recipe": 2, "mealkit": null, "quantity": 1, "total": "19.69"}}, {"model": "orders.orderrecipes", "pk": 7, "fields": {"order": 11, "recipe": 1, "mealkit": 4, "quantity": 2, "total": "8.70"}}, {"model": "orders.orderingredients", "pk": 1, "fields": {"order_recipe": 5, "ingredient": 11, "preparation_type": 30, "quantity": 2, "total": "17.40"}}, {"model": "orders.orderingredients", "pk": 2, "fields": {"order_recipe": 5, "ingredient": 12, "preparation_type": null, "quantity": 1, "total": "0.57"}}, {"model": "orders.orderingredients", "pk": 3, "fields": {"order_recipe": 5, "ingredient": 13, "preparation_type": null, "quantity": 1, "total": "0.12"}}, {"model": "orders.orderingredients", "pk": 4, "fields": {"order_recipe": 5, "ingredient": 5, "preparation_type": null, "quantity": 1, "total": "0.14"}}, {"model": "orders.orderingredients", "pk": 5, "fields": {"order_recipe": 5, "ingredient": 8, "preparation_type": null, "quantity": 1, "total": "0.35"}}, {"model": "orders.orderingredients", "pk": 6, "fields": {"order_recipe": 5, "ingredient": 14, "preparation_type": null, "quantity": 1, "total": "0.99"}}, {"model": "orders.orderingredients", "pk": 7, "fields": {"order_recipe": 5, "ingredient": 15, "preparation_type": null, "quantity": 1, "total": "0.12"}}, {"model": "orders.orderingredients", "pk": 8, "fields": {"order_recipe": 6, "ingredient": 11, "preparation_type": 30, "quantity": 2, "total": "17.40"}}, {"model": "orders.orderingredients", "pk": 9, "fields": {"order_recipe": 6, "ingredient": 12, "preparation_type": null, "quantity": 1, "total": "0.57"}}, {"model": "orders.orderingredients", "pk": 10, "fields": {"order_recipe": 6, "ingredient": 13, "preparation_type": null, "quantity": 1, "total": "0.12"}}, {"model": "orders.orderingredients", "pk": 11, "fields": {"order_recipe": 6, "ingredient": 5, "preparation_type": null, "quantity": 1, "total": "0.14"}}, {"model": "orders.orderingredients", "pk": 12, "fields": {"order_recipe": 6, "ingredient": 8, "preparation_type": null, "quantity": 1, "total": "0.35"}}, {"model": "orders.orderingredients", "pk": 13, "fields": {"order_recipe": 6, "ingredient": 14, "preparation_type": null, "quantity": 1, "total": "0.99"}}, {"model": "orders.orderingredients", "pk": 14, "fields": {"order_recipe": 6, "ingredient": 15, "preparation_type": null, "quantity": 1, "total": "0.12"}}, {"model": "orders.orderingredients", "pk": 15, "fields": {"order_recipe": 7, "ingredient": 1, "preparation_type": 1, "quantity": 4, "total": "7.20"}}, {"model": "orders.orderingredients", "pk": 16, "fields": {"order_recipe": 7, "ingredient": 2, "preparation_type": null, "quantity": 2, "total": "1.36"}}, {"model": "orders.orderingredients", "pk": 17, "fields": {"order_recipe": 7, "ingredient": 3, "preparation_type": null, "quantity": 2, "total": "0.14"}}, {"model": "orders.deliverylocation", "pk": 1, "fields": {"name": "UQ", "branch": "Union Complex", "address_line1": "St Lucia QLD 4072", "address_line2": "St Lucia QLD 4072", "city": "Brisbane", "postal_code": "4072", "country": "Australia", "details": "Union Complex, St Lucia QLD 4067", "delivery_fee": "10.00", "longitude": "153.0153", "latitude": "-27.4971"}}, {"model": "orders.deliverylocation", "pk": 2, "fields": {"name": "UQ", "branch": "Biological Sciences Library", "address_line1": "The University of Queensland", "address_line2": "Building 94 Slip Rd", "city": "Brisbane", "postal_code": "4067", "country": "Australia", "details": "The University of Queensland, Building 94 Slip Rd, St Lucia QLD 4067", "delivery_fee": "10.00", "longitude": "153.0115", "latitude": "-27.4967"}}, {"model": "orders.deliverytimeslot", "pk": 1, "fields": {"name": "Morning", "start_time": "09:30:00", "end_time": "10:00:00", "cut_off": "07:00:00"}}, {"model": "orders.deliverytimeslot", "pk": 2, "fields": {"name": "Noon", "start_time": "12:30:00", "end_time": "13:00:00", "cut_off": "10:30:00"}}, {"model": "orders.deliverytimeslot", "pk": 3, "fields": {"name": "Afternoon", "start_time": "14:30:00", "end_time": "15:00:00", "cut_off": "12:30:00"}}, {"model": "orders.lockers", "pk": 1, "fields": {"location": 1, "locker_number": "1", "is_occupied": false, "updated_at": "2024-09-26T09:44:51.647Z"}}, {"model": "orders.lockers", "pk": 2, "fields": {"location": 1, "locker_number": "2", "is_occupied": false, "updated_at": "2024-09-26T09:44:55.187Z"}}, {"model": "orders.lockers", "pk": 3, "fields": {"location": 1, "locker_number": "3", "is_occupied": false, "updated_at": "2024-09-26T09:44:58.544Z"}}, {"model": "orders.lockers", "pk": 4, "fields": {"location": 1, "locker_number": "4", "is_occupied": false, "updated_at": "2024-09-26T09:45:01.330Z"}}, {"model": "orders.lockers", "pk": 5, "fields": {"location": 1, "locker_number": "5", "is_occupied": false, "updated_at": "2024-09-26T09:45:04.103Z"}}, {"model": "orders.lockers", "pk": 6, "fields": {"location": 1, "locker_number": "6", "is_occupied": false, "updated_at": "2024-09-26T09:45:08.391Z"}}, {"model": "orders.lockers", "pk": 7, "fields": {"location": 1, "locker_number": "7", "is_occupied": false, "updated_at": "2024-09-26T09:45:11.580Z"}}, {"model": "orders.lockers", "pk": 8, "fields": {"location": 1, "locker_number": "8", "is_occupied": false, "updated_at": "2024-09-26T09:45:15.635Z"}}, {"model": "orders.lockers", "pk": 9, "fields": {"location": 1, "locker_number": "9", "is_occupied": false, "updated_at": "2024-09-26T09:45:20.338Z"}}, {"model": "orders.deliverydetails", "pk": 3, "fields": {"order": 4, "delivery_location": 1, "delivery_time": 1, "delivery_date": "2024-10-01", "locker": 1, "qr_code": "uq union_afternoon_2024-10-01_4_1"}}, {"model": "orders.deliverydetails", "pk": 4, "fields": {"order": 10, "delivery_location": 1, "delivery_time": 1, "delivery_date": "2024-11-10", "locker": null, "qr_code": null}}, {"model": "orders.deliverydetails", "pk": 5, "fields": {"order": 11, "delivery_location": 1, "delivery_time": 1, "delivery_date": "2024-11-10", "locker": null, "qr_code": null}}, {"model": "cart.usercart", "pk": 4, "fields": {"updated_at": "2024-10-12T06:18:02.593Z"}}, {"model": "cart.cartrecipe", "pk": 4, "fields": {"user_cart": 4, "recipe": 2, "quantity": 2, "mealkit": null}}, {"model": "cart.cartingredient", "pk": 18, "fields": {"user_cart": 4, "recipe": 4, "ingredient": 11, "preparation_type": 30, "quantity": 4}}, {"model": "cart.cartingredient", "pk": 19, "fields": {"user_cart": 4, "recipe": 4, "ingredient": 12, "preparation_type": null, "quantity": 2}}, {"model": "cart.cartingredient", "pk": 20, "fields": {"user_cart": 4, "recipe": 4, "ingredient": 13, "preparation_type": null, "quantity": 2}}, {"model": "cart.cartingredient", "pk": 21, "fields": {"user_cart": 4, "recipe": 4, "ingredient": 5, "preparation_type": null, "quantity": 2}}, {"model": "cart.cartingredient", "pk": 22, "fields": {"user_cart": 4, "recipe": 4, "ingredient": 8, "preparation_type": null, "quantity": 2}}, {"model": "cart.cartingredient", "pk": 23, "fields": {"user_cart": 4, "recipe": 4, "ingredient": 14, "preparation_type": null, "quantity": 2}}, {"model": "cart.cartingredient", "pk": 24, "fields": {"user_cart": 4, "recipe": 4, "ingredient": 15, "preparation_type": null, "quantity": 2}}]